,converting_time,page,dpi,c,m,y,k,sum,base_minus_curr_sum,diff
25560,0.21488213539123535,1,300,55.87,0.63,52.46,44.06,153.02,4.929999999999978,4.929999999999978
25561,0.0007410049438476562,2,300,0.0,0.0,0.0,0.07,0.07,0.0,0.0
25562,0.17641711235046387,3,300,3.46,0.13,9.02,3.31,15.92,-0.23000000000000043,0.23000000000000043
25563,0.007197856903076172,4,300,0.0,0.29,0.22,2.24,2.75,0.2400000000000002,0.2400000000000002
25564,0.0071849822998046875,5,300,0.0,0.0,0.0,0.07,0.07,3.9600000000000004,3.9600000000000004
25565,0.0012531280517578125,6,300,0.0,0.0,0.0,0.07,0.07,1.43,1.43
25566,0.009984970092773438,7,300,0.24,0.0,0.55,0.3,1.09,4.49,4.49
25567,0.0594179630279541,8,300,1.83,1.25,4.92,18.01,26.01,-13.150000000000002,13.150000000000002
25568,0.04982900619506836,9,300,0.94,7.75,9.84,27.52,46.05,-22.179999999999996,22.179999999999996
25569,0.0005147457122802734,10,300,0.0,0.0,0.0,0.07,0.07,0.0,0.0
25570,0.04193687438964844,11,300,0.79,0.04,1.42,1.4,3.65,1.4,1.4
25571,0.006909370422363281,12,300,0.85,0.05,1.51,1.5,3.91,0.5099999999999998,0.5099999999999998
25572,0.010686159133911133,13,300,0.24,0.0,0.55,0.3,1.09,4.4,4.4
25573,0.00046372413635253906,14,300,0.0,0.0,0.0,0.07,0.07,0.0,0.0
25574,0.007911920547485352,15,300,0.24,0.0,0.55,0.3,1.09,3.75,3.75
25575,0.006918191909790039,16,300,0.24,0.0,0.54,0.31,1.09,4.65,4.65
25576,0.006296873092651367,17,300,0.24,0.0,0.55,0.3,1.09,4.120000000000001,4.120000000000001
25577,0.006532192230224609,18,300,0.24,0.0,0.54,0.31,1.09,4.74,4.74
25578,0.00644993782043457,19,300,0.24,0.0,0.55,0.3,1.09,4.78,4.78
25579,0.006721973419189453,20,300,0.24,0.0,0.54,0.31,1.09,5.0600000000000005,5.0600000000000005
25580,0.0070149898529052734,21,300,0.24,0.0,0.55,0.3,1.09,5.140000000000001,5.140000000000001
25581,0.006587028503417969,22,300,0.24,0.0,0.54,0.31,1.09,4.66,4.66
25582,0.006710052490234375,23,300,0.24,0.0,0.55,0.3,1.09,4.640000000000001,4.640000000000001
25583,0.008090019226074219,24,300,0.24,0.0,0.54,0.31,1.09,5.17,5.17
25584,0.006721019744873047,25,300,0.24,0.0,0.55,0.3,1.09,4.84,4.84
25585,0.00629115104675293,26,300,0.24,0.0,0.54,0.31,1.09,4.53,4.53
25586,0.0066378116607666016,27,300,0.24,0.0,0.55,0.3,1.09,4.75,4.75
25587,0.006981849670410156,28,300,0.24,0.0,0.54,0.31,1.09,4.97,4.97
25588,0.006589174270629883,29,300,0.24,0.0,0.55,0.3,1.09,4.7299999999999995,4.7299999999999995
25589,0.00650787353515625,30,300,0.24,0.0,0.54,0.31,1.09,4.9399999999999995,4.9399999999999995
25590,0.00693821907043457,31,300,0.24,0.0,0.55,0.3,1.09,4.91,4.91
25591,0.006763935089111328,32,300,0.24,0.0,0.54,0.31,1.09,4.540000000000001,4.540000000000001
25592,0.0073473453521728516,33,300,0.24,0.0,0.55,0.3,1.09,5.4,5.4
25593,0.006588935852050781,34,300,0.24,0.0,0.54,0.31,1.09,4.34,4.34
25594,0.0066471099853515625,35,300,0.24,0.0,0.55,0.3,1.09,4.8100000000000005,4.8100000000000005
25595,0.0073511600494384766,36,300,0.24,0.0,0.54,0.31,1.09,5.300000000000001,5.300000000000001
25596,0.006886959075927734,37,300,0.24,0.0,0.55,0.3,1.09,4.73,4.73
25597,0.006496906280517578,38,300,0.24,0.0,0.54,0.31,1.09,4.390000000000001,4.390000000000001
25598,0.006438255310058594,39,300,0.24,0.0,0.55,0.3,1.09,4.53,4.53
25599,0.006726741790771484,40,300,0.24,0.0,0.54,0.31,1.09,5.07,5.07
25600,0.006687164306640625,41,300,0.24,0.0,0.55,0.3,1.09,4.5,4.5
25601,0.0005021095275878906,42,300,0.0,0.0,0.0,0.07,0.07,0.0,0.0
25602,0.0075719356536865234,43,300,0.24,0.0,0.55,0.3,1.09,2.3200000000000003,2.3200000000000003
25603,0.006148099899291992,44,300,0.24,0.0,0.54,0.31,1.09,3.29,3.29
25604,0.006621837615966797,45,300,0.24,0.0,0.55,0.3,1.09,3.4000000000000004,3.4000000000000004
25605,0.0035560131072998047,46,300,0.24,0.0,0.54,0.31,1.09,0.8399999999999999,0.8399999999999999
25606,0.010188817977905273,47,300,2.11,0.01,5.68,2.68,10.479999999999999,3.540000000000001,3.540000000000001
25607,0.009779214859008789,48,300,2.1,0.0,5.62,2.64,10.360000000000001,5.1899999999999995,5.1899999999999995
25608,0.027673006057739258,49,300,17.16,3.0,24.41,19.58,64.15,-13.71,13.71
25609,0.0006060600280761719,50,300,0.0,0.0,0.0,0.07,0.07,0.0,0.0
25610,0.012086153030395508,51,300,0.24,0.0,0.55,0.3,1.09,5.23,5.23
25611,0.006345033645629883,52,300,0.24,0.0,0.54,0.31,1.09,5.13,5.13
25612,0.006966590881347656,53,300,0.24,0.0,0.55,0.3,1.09,5.15,5.15
25613,0.006275653839111328,54,300,0.24,0.0,0.54,0.31,1.09,4.8500000000000005,4.8500000000000005
25614,0.006657123565673828,55,300,0.24,0.0,0.55,0.3,1.09,4.720000000000001,4.720000000000001
25615,0.009939908981323242,56,300,3.25,0.05,9.08,4.12,16.5,3.8500000000000014,3.8500000000000014
25616,0.006192207336425781,57,300,3.12,0.03,8.8,4.76,16.71,2.9499999999999993,2.9499999999999993
25617,0.007333278656005859,58,300,2.82,0.07,8.01,4.68,15.579999999999998,4.180000000000003,4.180000000000003
25618,0.007776021957397461,59,300,2.57,0.02,7.53,3.93,14.05,1.4499999999999993,1.4499999999999993
25619,0.005530118942260742,60,300,3.97,0.01,11.12,4.7,19.8,3.6400000000000006,3.6400000000000006
25620,0.005660057067871094,61,300,3.88,0.0,10.88,4.43,19.19,3.1899999999999977,3.1899999999999977
25621,0.0054779052734375,62,300,3.95,0.0,11.03,4.51,19.490000000000002,3.0699999999999967,3.0699999999999967
25622,0.004807949066162109,63,300,3.92,0.0,10.98,4.48,19.380000000000003,2.609999999999996,2.609999999999996
25623,0.005403041839599609,64,300,3.84,0.0,10.75,4.38,18.97,3.1099999999999994,3.1099999999999994
25624,0.004132270812988281,65,300,2.84,0.0,8.15,3.04,14.030000000000001,2.030000000000001,2.030000000000001
25625,0.005855083465576172,66,300,3.9,0.02,10.89,4.43,19.240000000000002,3.599999999999998,3.599999999999998
25626,0.0057718753814697266,67,300,3.82,0.0,10.7,4.14,18.66,3.120000000000001,3.120000000000001
25627,0.0056078433990478516,68,300,3.83,0.0,10.71,4.15,18.69,3.0799999999999983,3.0799999999999983
25628,0.005570173263549805,69,300,3.89,0.0,10.87,4.22,18.98,2.6900000000000013,2.6900000000000013
25629,0.005899667739868164,70,300,3.81,0.0,10.67,4.13,18.61,3.0100000000000016,3.0100000000000016
25630,0.0049190521240234375,71,300,2.88,0.0,8.19,2.91,13.98,2.34,2.34
25631,0.008250236511230469,72,300,3.62,0.0,10.01,4.09,17.72,3.5199999999999996,3.5199999999999996
25632,0.0051000118255615234,73,300,3.61,0.0,9.97,4.06,17.64,3.9299999999999997,3.9299999999999997
25633,0.004565000534057617,74,300,3.09,0.0,8.6,3.37,15.059999999999999,3.0199999999999996,3.0199999999999996
25634,0.005698680877685547,75,300,2.63,0.0,7.38,3.36,13.37,2.8499999999999996,2.8499999999999996
25635,0.009164810180664062,76,300,3.25,0.06,9.03,4.55,16.89,3.2699999999999996,3.2699999999999996
25636,0.005394935607910156,77,300,3.46,0.0,9.63,4.38,17.47,2.950000000000003,2.950000000000003
25637,0.005316257476806641,78,300,3.49,0.0,9.71,4.43,17.630000000000003,3.109999999999996,3.109999999999996
25638,0.0051381587982177734,79,300,3.46,0.0,9.63,4.38,17.47,2.9200000000000017,2.9200000000000017
25639,0.005090951919555664,80,300,3.45,0.0,9.62,4.36,17.43,2.9299999999999997,2.9299999999999997
25640,0.004988908767700195,81,300,3.45,0.0,9.62,4.36,17.43,2.7699999999999996,2.7699999999999996
25641,0.004893064498901367,82,300,3.23,0.0,9.02,4.06,16.31,2.7699999999999996,2.7699999999999996
25642,0.004825115203857422,83,300,3.24,0.0,9.05,4.09,16.380000000000003,2.6499999999999986,2.6499999999999986
25643,0.0050470829010009766,84,300,3.46,0.0,9.63,4.37,17.46,3.129999999999999,3.129999999999999
25644,0.00520777702331543,85,300,3.49,0.0,9.73,4.42,17.64,3.0500000000000007,3.0500000000000007
25645,0.005056858062744141,86,300,3.46,0.0,9.63,4.37,17.46,3.0700000000000003,3.0700000000000003
25646,0.0051059722900390625,87,300,3.45,0.0,9.61,4.36,17.419999999999998,2.900000000000002,2.900000000000002
25647,0.0049898624420166016,88,300,3.45,0.0,9.62,4.36,17.43,2.9400000000000013,2.9400000000000013
25648,0.00479888916015625,89,300,3.23,0.0,9.02,4.07,16.32,2.719999999999999,2.719999999999999
25649,0.00532984733581543,90,300,3.24,0.0,9.05,4.08,16.37,2.599999999999998,2.599999999999998
25650,0.005373954772949219,91,300,3.46,0.0,9.64,4.38,17.48,2.7699999999999996,2.7699999999999996
25651,0.00516200065612793,92,300,3.49,0.0,9.72,4.42,17.630000000000003,2.919999999999998,2.919999999999998
25652,0.0050771236419677734,93,300,3.46,0.0,9.63,4.38,17.47,2.7300000000000004,2.7300000000000004
25653,0.005119800567626953,94,300,3.45,0.0,9.62,4.36,17.43,2.770000000000003,2.770000000000003
25654,0.005176067352294922,95,300,3.45,0.0,9.62,4.36,17.43,2.620000000000001,2.620000000000001
25655,0.040602922439575195,96,300,3.23,0.0,9.02,4.06,16.31,2.6300000000000026,2.6300000000000026
25656,0.005361080169677734,97,300,3.24,0.0,9.06,4.08,16.380000000000003,2.8199999999999967,2.8199999999999967
25657,0.0052318572998046875,98,300,3.46,0.0,9.63,4.37,17.46,3.3000000000000007,3.3000000000000007
25658,0.005318880081176758,99,300,3.49,0.0,9.73,4.42,17.64,3.219999999999999,3.219999999999999
25659,0.004979133605957031,100,300,3.46,0.0,9.63,4.37,17.46,3.2399999999999984,3.2399999999999984
25660,0.0049588680267333984,101,300,3.45,0.0,9.61,4.37,17.43,3.0599999999999987,3.0599999999999987
25661,0.004876852035522461,102,300,3.45,0.0,9.61,4.36,17.419999999999998,3.1300000000000026,3.1300000000000026
25662,0.005307912826538086,103,300,3.23,0.0,9.03,4.06,16.32,2.8999999999999986,2.8999999999999986
25663,0.005183219909667969,104,300,3.93,0.0,10.94,4.25,19.119999999999997,2.860000000000003,2.860000000000003
25664,0.004969120025634766,105,300,4.15,0.0,11.54,4.55,20.24,3.080000000000002,3.080000000000002
25665,0.005345582962036133,106,300,4.18,0.0,11.62,4.6,20.4,3.200000000000003,3.200000000000003
25666,0.005071878433227539,107,300,4.16,0.0,11.57,4.56,20.29,3.0199999999999996,3.0199999999999996
25667,0.005051851272583008,108,300,4.15,0.0,11.53,4.54,20.22,3.0700000000000003,3.0700000000000003
25668,0.005295276641845703,109,300,4.14,0.0,11.52,4.53,20.19,2.91,2.91
25669,0.006211996078491211,110,300,3.88,0.0,10.82,4.2,18.9,3.1700000000000017,3.1700000000000017
25670,0.009382247924804688,111,300,2.67,0.02,7.43,4.24,14.36,3.09,3.09
25671,0.007016897201538086,112,300,2.39,0.0,6.65,3.66,12.700000000000001,2.5299999999999994,2.5299999999999994
25672,0.008104324340820312,113,300,1.34,0.01,3.75,1.6,6.699999999999999,1.8100000000000005,1.8100000000000005
25673,0.0005767345428466797,114,300,0.0,0.0,0.0,0.07,0.07,0.0,0.0
25674,0.019047021865844727,115,300,19.47,1.18,34.72,19.55,74.92,1.230000000000004,1.230000000000004
25675,0.0004711151123046875,116,300,0.0,0.0,0.0,0.07,0.07,0.0,0.0
25676,0.010659933090209961,117,300,0.24,0.0,0.55,0.3,1.09,4.700000000000001,4.700000000000001
25677,0.006459951400756836,118,300,0.24,0.0,0.54,0.31,1.09,4.79,4.79
25678,0.006764888763427734,119,300,0.24,0.0,0.55,0.3,1.09,5.890000000000001,5.890000000000001
25679,0.007318019866943359,120,300,0.24,0.0,0.54,0.31,1.09,5.32,5.32
25680,0.007361888885498047,121,300,0.24,0.0,0.55,0.3,1.09,3.91,3.91
25681,0.007349729537963867,122,300,0.24,0.0,0.54,0.31,1.09,5.1899999999999995,5.1899999999999995
25682,0.005415916442871094,123,300,0.24,0.0,0.55,0.3,1.09,2.75,2.75
25683,0.010107278823852539,124,300,2.5,0.05,7.06,3.55,13.16,2.459999999999999,2.459999999999999
25684,0.005910158157348633,125,300,2.46,0.02,6.79,3.24,12.51,2.51,2.51
25685,0.006471872329711914,126,300,2.51,0.02,6.89,3.27,12.69,4.020000000000001,4.020000000000001
25686,0.006595134735107422,127,300,2.51,0.03,6.9,3.37,12.809999999999999,4.190000000000001,4.190000000000001
25687,0.007920980453491211,128,300,2.56,0.06,7.07,3.65,13.340000000000002,3.1899999999999995,3.1899999999999995
25688,0.004982948303222656,129,300,2.33,0.03,6.84,3.51,12.709999999999999,2.3400000000000016,2.3400000000000016
25689,0.005300998687744141,130,300,2.67,0.05,7.44,3.71,13.870000000000001,3.4999999999999964,3.4999999999999964
25690,0.0050961971282958984,131,300,2.74,0.04,7.6,3.72,14.1,3.49,3.49
25691,0.004608154296875,132,300,2.11,0.02,6.13,3.64,11.9,1.92,1.92
25692,0.00471186637878418,133,300,2.49,0.02,6.89,3.33,12.73,2.24,2.24
25693,0.008105993270874023,134,300,2.85,0.02,8.13,3.74,14.74,3.070000000000002,3.070000000000002
25694,0.006658077239990234,135,300,3.49,0.02,10.1,5.19,18.8,3.710000000000001,3.710000000000001
25695,0.009987831115722656,136,300,3.02,0.07,8.48,5.07,16.64,3.530000000000001,3.530000000000001
25696,0.00503993034362793,137,300,2.82,0.02,8.24,4.44,15.52,2.25,2.25
25697,0.004680156707763672,138,300,2.81,0.02,8.16,4.39,15.379999999999999,2.7699999999999996,2.7699999999999996
25698,0.006139993667602539,139,300,3.24,0.03,9.26,4.98,17.509999999999998,3.240000000000002,3.240000000000002
25699,0.004150867462158203,140,300,2.54,0.02,7.69,4.18,14.43,1.6500000000000021,1.6500000000000021
25700,0.00414586067199707,141,300,2.68,0.03,8.04,4.37,15.120000000000001,1.5500000000000007,1.5500000000000007
25701,0.005578041076660156,142,300,3.03,0.02,8.42,4.55,16.02,2.990000000000002,2.990000000000002
25702,0.005221128463745117,143,300,3.06,0.0,8.63,4.37,16.060000000000002,2.6899999999999977,2.6899999999999977
25703,0.011294126510620117,144,300,2.33,0.06,6.24,3.45,12.080000000000002,4.509999999999998,4.509999999999998
25704,0.005457878112792969,145,300,2.42,0.01,6.7,3.07,12.2,2.4400000000000013,2.4400000000000013
25705,0.005587100982666016,146,300,2.27,0.01,6.23,2.98,11.49,3.8900000000000006,3.8900000000000006
25706,0.0053250789642333984,147,300,1.93,0.01,5.39,2.5,9.83,2.9299999999999997,2.9299999999999997
25707,0.004189968109130859,148,300,1.97,0.0,5.49,2.56,10.02,2.700000000000001,2.700000000000001
25708,0.005038738250732422,149,300,2.05,0.01,5.58,2.64,10.28,2.209999999999999,2.209999999999999
25709,0.006206989288330078,150,300,3.04,0.0,8.39,4.38,15.809999999999999,3.7200000000000024,3.7200000000000024
25710,0.005994081497192383,151,300,2.94,0.0,8.17,4.28,15.39,3.2699999999999996,3.2699999999999996
25711,0.006045103073120117,152,300,3.27,0.0,9.55,4.68,17.5,3.1000000000000014,3.1000000000000014
25712,0.00618290901184082,153,300,3.1,0.01,8.54,4.57,16.22,3.740000000000002,3.740000000000002
25713,0.0059969425201416016,154,300,3.27,0.0,9.0,4.54,16.81,2.7600000000000016,2.7600000000000016
25714,0.005767822265625,155,300,3.5,0.0,10.11,4.86,18.47,2.4700000000000024,2.4700000000000024
25715,0.0064449310302734375,156,300,2.87,0.01,8.1,4.5,15.48,4.27,4.27
25716,0.0615382194519043,157,300,8.44,19.88,44.87,14.68,87.87,6.72999999999999,6.72999999999999
25717,0.0005156993865966797,158,300,0.0,0.0,0.0,0.07,0.07,0.0,0.0
25718,0.011131763458251953,159,300,0.24,0.03,0.57,0.55,1.3900000000000001,5.609999999999999,5.609999999999999
25719,0.006473064422607422,160,300,0.24,0.05,0.57,0.65,1.5099999999999998,4.95,4.95
25720,0.00705409049987793,161,300,0.24,0.01,0.55,0.35,1.15,5.6,5.6
25721,0.006299018859863281,162,300,0.24,0.0,0.54,0.31,1.09,5.460000000000001,5.460000000000001
25722,0.006412029266357422,163,300,0.24,0.0,0.55,0.3,1.09,5.4,5.4
25723,0.007325172424316406,164,300,0.24,0.0,0.54,0.31,1.09,5.1899999999999995,5.1899999999999995
25724,0.004858255386352539,165,300,0.24,0.0,0.55,0.3,1.09,2.84,2.84
25725,0.009176015853881836,166,300,2.85,0.03,8.06,4.62,15.560000000000002,3.929999999999996,3.929999999999996
25726,0.008092164993286133,167,300,2.87,0.0,8.13,4.36,15.36,3.16,3.16
25727,0.006350278854370117,168,300,2.66,0.0,7.49,4.08,14.23,3.0100000000000016,3.0100000000000016
25728,0.00473785400390625,169,300,2.16,0.01,6.14,3.67,11.979999999999999,2.490000000000002,2.490000000000002
25729,0.010560989379882812,170,300,2.39,0.03,6.43,3.19,12.04,4.719999999999999,4.719999999999999
25730,0.0070760250091552734,171,300,2.41,0.02,6.5,3.14,12.07,4.740000000000002,4.740000000000002
25731,0.0071179866790771484,172,300,2.44,0.03,6.52,3.26,12.249999999999998,4.5500000000000025,4.5500000000000025
25732,0.006864070892333984,173,300,2.44,0.02,6.56,3.23,12.25,4.560000000000002,4.560000000000002
25733,0.004386186599731445,174,300,3.9,0.05,11.51,5.88,21.34,2.3099999999999987,2.3099999999999987
25734,0.005532979965209961,175,300,4.14,0.0,11.96,4.9,21.0,2.5799999999999983,2.5799999999999983
25735,0.006396293640136719,176,300,4.49,0.02,12.93,6.19,23.63,3.9499999999999993,3.9499999999999993
25736,0.007172822952270508,177,300,4.3,0.0,12.26,5.24,21.799999999999997,4.210000000000004,4.210000000000004
25737,0.0041506290435791016,178,300,3.35,0.02,9.82,4.45,17.64,2.41,2.41
25738,0.004258871078491211,179,300,3.81,0.02,11.44,5.5,20.77,2.129999999999999,2.129999999999999
25739,0.004992008209228516,180,300,4.18,0.0,12.37,4.94,21.49,1.7800000000000011,1.7800000000000011
25740,0.033402204513549805,181,300,2.47,0.03,7.16,3.89,13.55,2.2299999999999986,2.2299999999999986
25741,0.004355907440185547,182,300,2.61,0.0,7.44,3.6,13.65,1.089999999999998,1.089999999999998
25742,0.006264209747314453,183,300,2.46,0.0,7.05,3.44,12.95,3.0200000000000014,3.0200000000000014
25743,0.003899097442626953,184,300,2.42,0.04,7.31,4.05,13.82,2.210000000000001,2.210000000000001
25744,0.0035178661346435547,185,300,2.45,0.0,7.39,3.76,13.6,1.4399999999999995,1.4399999999999995
25745,0.005428791046142578,186,300,2.49,0.0,7.46,3.64,13.59,2.849999999999998,2.849999999999998
25746,0.00628209114074707,187,300,3.19,0.02,9.09,4.56,16.86,4.080000000000002,4.080000000000002
25747,0.0041615962982177734,188,300,2.68,0.02,7.7,4.19,14.59,2.6300000000000026,2.6300000000000026
25748,0.004582881927490234,189,300,3.67,0.1,10.56,4.97,19.3,2.210000000000001,2.210000000000001
25749,0.00623011589050293,190,300,3.11,0.02,8.83,4.87,16.830000000000002,3.7399999999999984,3.7399999999999984
25750,0.005855083465576172,191,300,2.67,0.0,7.56,4.29,14.52,3.2900000000000027,3.2900000000000027
25751,0.007664918899536133,192,300,2.44,0.0,6.88,3.8,13.120000000000001,5.199999999999999,5.199999999999999
25752,0.008298158645629883,193,300,3.02,0.02,8.63,5.32,16.990000000000002,4.549999999999997,4.549999999999997
25753,0.0050160884857177734,194,300,3.38,0.02,9.61,4.86,17.87,2.6999999999999993,2.6999999999999993
25754,0.00653386116027832,195,300,3.77,0.0,10.81,5.14,19.72,3.91,3.91
25755,0.006690025329589844,196,300,2.98,0.04,8.41,4.76,16.189999999999998,4.0000000000000036,4.0000000000000036
25756,0.00622105598449707,197,300,2.46,0.03,6.97,4.41,13.87,4.92,4.92
25757,0.00740814208984375,198,300,2.61,0.0,7.33,4.17,14.11,4.310000000000002,4.310000000000002
25758,0.007133007049560547,199,300,2.69,0.0,7.52,4.04,14.25,4.489999999999998,4.489999999999998
25759,0.005957841873168945,200,300,2.52,0.03,7.25,4.48,14.280000000000001,4.849999999999998,4.849999999999998
25760,0.006639003753662109,201,300,2.6,0.0,7.33,4.0,13.93,4.760000000000002,4.760000000000002
25761,0.004810810089111328,202,300,1.96,0.03,5.52,3.51,11.02,2.280000000000001,2.280000000000001
25762,0.007314205169677734,203,300,1.96,0.0,5.5,3.09,10.55,2.879999999999999,2.879999999999999
25763,0.005975008010864258,204,300,2.3,0.03,6.74,3.88,12.95,3.710000000000001,3.710000000000001
25764,0.005879878997802734,205,300,2.51,0.03,7.42,4.02,13.979999999999999,3.940000000000003,3.940000000000003
25765,0.004974842071533203,206,300,2.48,0.03,7.32,4.06,13.89,2.75,2.75
25766,0.0073969364166259766,207,300,2.58,0.0,7.6,3.82,14.0,3.9299999999999997,3.9299999999999997
25767,0.004842996597290039,208,300,2.3,0.03,6.69,3.88,12.899999999999999,2.9700000000000006,2.9700000000000006
25768,0.004075765609741211,209,300,2.35,0.0,6.82,3.66,12.83,2.269999999999998,2.269999999999998
25769,0.005452156066894531,210,300,2.4,0.0,6.94,3.54,12.879999999999999,3.460000000000001,3.460000000000001
25770,0.006000995635986328,211,300,2.74,0.02,7.66,4.24,14.66,4.600000000000001,4.600000000000001
25771,0.006410121917724609,212,300,2.78,0.03,7.77,4.26,14.839999999999998,5.120000000000003,5.120000000000003
25772,0.006555318832397461,213,300,3.37,0.02,9.46,4.89,17.740000000000002,5.059999999999999,5.059999999999999
25773,0.006074190139770508,214,300,2.71,0.04,7.65,4.6,15.0,3.469999999999999,3.469999999999999
25774,0.026240110397338867,215,300,19.0,6.76,21.97,20.09,67.82,-8.310000000000002,8.310000000000002
25775,0.0005860328674316406,216,300,0.0,0.0,0.0,0.07,0.07,0.0,0.0
25776,0.005849123001098633,217,300,0.24,0.01,0.55,0.35,1.15,5.57,5.57
25777,0.006276130676269531,218,300,0.24,0.07,0.59,2.13,3.03,2.7600000000000002,2.7600000000000002
25778,0.005933046340942383,219,300,0.24,0.08,0.61,1.36,2.29,2.5699999999999994,2.5699999999999994
25779,0.0058460235595703125,220,300,0.24,0.01,0.54,0.36,1.15,5.129999999999999,5.129999999999999
25780,0.006273984909057617,221,300,0.25,0.01,0.56,0.55,1.37,4.52,4.52
25781,0.006161928176879883,222,300,0.24,0.0,0.54,0.31,1.09,4.930000000000001,4.930000000000001
25782,0.005961894989013672,223,300,0.24,0.01,0.55,0.35,1.15,4.390000000000001,4.390000000000001
25783,0.006129026412963867,224,300,0.24,0.01,0.54,0.36,1.15,4.99,4.99
25784,0.005518198013305664,225,300,0.24,0.0,0.55,0.3,1.09,5.6000000000000005,5.6000000000000005
25785,0.0060482025146484375,226,300,0.24,0.0,0.54,0.31,1.09,5.6899999999999995,5.6899999999999995
25786,0.005442142486572266,227,300,0.24,0.0,0.55,0.3,1.09,5.0200000000000005,5.0200000000000005
25787,0.0054950714111328125,228,300,0.24,0.0,0.54,0.31,1.09,5.23,5.23
25788,0.005411863327026367,229,300,0.24,0.01,0.55,0.35,1.15,4.130000000000001,4.130000000000001
25789,0.006175994873046875,230,300,0.24,0.0,0.54,0.31,1.09,5.0,5.0
25790,0.005707979202270508,231,300,0.24,0.0,0.55,0.3,1.09,5.25,5.25
25791,0.00596308708190918,232,300,0.24,0.0,0.54,0.31,1.09,5.210000000000001,5.210000000000001
25792,0.006894826889038086,233,300,0.24,0.0,0.55,0.3,1.09,4.87,4.87
25793,0.00670313835144043,234,300,0.24,0.0,0.54,0.31,1.09,5.4,5.4
25794,0.006082773208618164,235,300,0.24,0.0,0.55,0.3,1.09,4.76,4.76
25795,0.006434202194213867,236,300,0.24,0.0,0.54,0.31,1.09,5.1000000000000005,5.1000000000000005
25796,0.0055201053619384766,237,300,0.24,0.0,0.55,0.3,1.09,5.38,5.38
25797,0.0053560733795166016,238,300,0.24,0.01,0.54,0.36,1.15,5.09,5.09
25798,0.0059969425201416016,239,300,0.24,0.01,0.55,0.38,1.1800000000000002,4.450000000000001,4.450000000000001
25799,0.008831977844238281,240,300,2.63,0.06,7.69,5.6,15.98,3.6099999999999994,3.6099999999999994
25800,0.0057621002197265625,241,300,2.94,0.0,8.44,5.29,16.669999999999998,2.580000000000002,2.580000000000002
25801,0.007010936737060547,242,300,2.55,0.09,7.47,5.25,15.36,4.219999999999999,4.219999999999999
25802,0.010622262954711914,243,300,2.56,0.12,7.45,5.63,15.760000000000002,4.43,4.43
25803,0.0060579776763916016,244,300,2.97,0.04,8.53,5.56,17.099999999999998,3.1300000000000026,3.1300000000000026
25804,0.005803823471069336,245,300,2.97,0.0,8.51,5.22,16.7,2.59,2.59
25805,0.006474018096923828,246,300,2.92,0.0,8.41,5.15,16.48,3.25,3.25
25806,0.005930900573730469,247,300,2.67,0.09,7.83,5.83,16.42,3.4499999999999993,3.4499999999999993
25807,0.005916118621826172,248,300,3.07,0.0,8.73,5.31,17.11,2.1999999999999993,2.1999999999999993
25808,0.006644010543823242,249,300,3.04,0.0,8.66,5.29,16.99,2.9400000000000013,2.9400000000000013
25809,0.005957841873168945,250,300,3.04,0.05,8.71,5.73,17.53,2.84,2.84
25810,0.006163835525512695,251,300,3.04,0.0,8.68,5.3,17.02,2.469999999999999,2.469999999999999
25811,0.006638288497924805,252,300,2.89,0.0,8.34,5.17,16.4,3.3000000000000007,3.3000000000000007
25812,0.006493091583251953,253,300,3.04,0.07,8.73,5.87,17.71,2.16,2.16
25813,0.0061130523681640625,254,300,2.98,0.0,8.55,5.31,16.84,2.4899999999999984,2.4899999999999984
25814,0.006353139877319336,255,300,2.9,0.0,8.3,5.23,16.43,3.289999999999999,3.289999999999999
25815,0.0060999393463134766,256,300,3.03,0.05,8.68,5.7,17.46,2.6799999999999997,2.6799999999999997
25816,0.005854368209838867,257,300,3.03,0.0,8.65,5.27,16.95,2.3500000000000014,2.3500000000000014
25817,0.006632804870605469,258,300,2.91,0.0,8.38,5.12,16.41,3.120000000000001,3.120000000000001
25818,0.006375312805175781,259,300,3.03,0.06,8.69,5.73,17.509999999999998,2.580000000000002,2.580000000000002
25819,0.006006956100463867,260,300,3.03,0.0,8.66,5.28,16.97,2.3900000000000006,2.3900000000000006
25820,0.006562948226928711,261,300,2.55,0.05,7.41,5.14,15.149999999999999,4.380000000000003,4.380000000000003
25821,0.006249189376831055,262,300,2.68,0.11,7.81,5.85,16.45,3.34,3.34
25822,0.00597381591796875,263,300,2.67,0.05,7.76,5.3,15.780000000000001,3.3900000000000006,3.3900000000000006
25823,0.006486177444458008,264,300,2.62,0.05,7.58,5.22,15.469999999999999,4.02,4.02
25824,0.006200075149536133,265,300,3.03,0.05,8.69,5.7,17.47,2.1900000000000013,2.1900000000000013
25825,0.03777289390563965,266,300,2.97,0.0,8.5,5.22,16.69,2.3999999999999986,2.3999999999999986
25826,0.007866144180297852,267,300,2.86,0.0,8.25,5.08,16.189999999999998,3.1000000000000014,3.1000000000000014
25827,0.0066602230072021484,268,300,3.0,0.04,8.57,5.7,17.31,1.8300000000000018,1.8300000000000018
25828,0.006497859954833984,269,300,2.96,0.0,8.48,5.2,16.64,1.9899999999999984,1.9899999999999984
25829,0.006175994873046875,270,300,2.91,0.0,8.38,5.12,16.41,2.539999999999999,2.539999999999999
25830,0.004411935806274414,271,300,3.62,0.02,10.3,4.72,18.66,1.5100000000000016,1.5100000000000016
25831,0.0049991607666015625,272,300,3.48,0.0,9.86,4.56,17.9,1.860000000000003,1.860000000000003
25832,0.003962039947509766,273,300,2.46,0.03,7.13,3.63,13.25,1.3000000000000007,1.3000000000000007
25833,0.0047838687896728516,274,300,2.44,0.03,7.91,4.23,14.61,2.299999999999997,2.299999999999997
25834,0.0038640499114990234,275,300,3.0,0.02,8.82,4.19,16.03,1.6699999999999982,1.6699999999999982
25835,0.00534510612487793,276,300,3.25,0.0,9.54,4.31,17.099999999999998,1.5900000000000034,1.5900000000000034
25836,0.008340835571289062,277,300,2.97,0.04,8.44,4.85,16.299999999999997,2.7100000000000044,2.7100000000000044
25837,0.007617950439453125,278,300,2.89,0.0,8.12,4.34,15.35,2.9300000000000015,2.9300000000000015
25838,0.008449077606201172,279,300,4.13,0.02,11.67,5.43,21.25,3.129999999999999,3.129999999999999
25839,0.006518840789794922,280,300,4.13,0.0,11.62,5.58,21.33,3.0500000000000043,3.0500000000000043
25840,0.0052089691162109375,281,300,3.7,0.02,10.46,5.08,19.26,2.289999999999999,2.289999999999999
25841,0.005330801010131836,282,300,3.85,0.0,10.83,5.25,19.93,2.0,2.0
25842,0.0060999393463134766,283,300,3.41,0.02,9.54,5.11,18.08,2.2900000000000027,2.2900000000000027
25843,0.006434917449951172,284,300,3.44,0.0,9.56,4.83,17.83,1.8200000000000003,1.8200000000000003
25844,0.006447315216064453,285,300,3.36,0.02,9.36,5.53,18.27,1.4200000000000017,1.4200000000000017
25845,0.006356000900268555,286,300,3.36,0.0,9.45,5.27,18.08,1.5600000000000023,1.5600000000000023
25846,0.008823156356811523,287,300,3.12,0.07,8.91,5.12,17.22,2.1700000000000017,2.1700000000000017
25847,0.00771784782409668,288,300,3.03,0.0,8.62,4.54,16.189999999999998,3.530000000000001,3.530000000000001
25848,0.008682966232299805,289,300,2.94,0.04,8.44,4.84,16.259999999999998,3.990000000000002,3.990000000000002
25849,0.006830692291259766,290,300,3.09,0.0,8.84,4.54,16.47,2.7699999999999996,2.7699999999999996
25850,0.005022287368774414,291,300,2.53,0.04,6.97,3.47,13.01,3.5000000000000018,3.5000000000000018
25851,0.005700111389160156,292,300,3.43,0.03,9.62,4.24,17.32,3.259999999999998,3.259999999999998
25852,0.005028724670410156,293,300,3.37,0.0,9.43,3.87,16.67,2.8599999999999994,2.8599999999999994
25853,0.005095005035400391,294,300,3.19,0.0,8.87,3.72,15.78,2.67,2.67
25854,0.005803823471069336,295,300,2.53,0.06,7.05,3.64,13.280000000000001,4.009999999999998,4.009999999999998
25855,0.00560307502746582,296,300,2.55,0.04,7.0,3.49,13.08,3.9399999999999995,3.9399999999999995
25856,0.006200075149536133,297,300,3.47,0.01,9.97,5.17,18.62,3.669999999999998,3.669999999999998
25857,0.00635218620300293,298,300,3.82,0.0,10.96,5.26,20.04,3.9400000000000013,3.9400000000000013
25858,0.0049610137939453125,299,300,3.28,0.04,9.34,5.06,17.72,2.330000000000002,2.330000000000002
25859,0.005338191986083984,300,300,3.76,0.05,10.78,5.17,19.759999999999998,2.830000000000002,2.830000000000002
25860,0.005777120590209961,301,300,2.59,0.04,7.16,3.53,13.319999999999999,3.860000000000001,3.860000000000001
25861,0.0047609806060791016,302,300,3.25,0.05,9.12,4.17,16.589999999999996,3.4700000000000024,3.4700000000000024
25862,0.004500865936279297,303,300,3.18,0.0,8.89,3.65,15.72,2.869999999999999,2.869999999999999
25863,0.004853963851928711,304,300,3.18,0.0,8.89,3.66,15.73,3.3000000000000007,3.3000000000000007
25864,0.005909919738769531,305,300,2.64,0.03,7.3,3.54,13.509999999999998,3.900000000000002,3.900000000000002
25865,0.006106853485107422,306,300,3.78,0.02,10.75,5.34,19.89,3.2699999999999996,3.2699999999999996
25866,0.005649089813232422,307,300,3.24,0.0,9.17,4.73,17.14,2.210000000000001,2.210000000000001
25867,0.009850025177001953,308,300,2.69,0.09,7.55,4.83,15.16,2.5700000000000003,2.5700000000000003
25868,0.008339881896972656,309,300,3.41,0.04,9.62,4.17,17.240000000000002,5.27,5.27
25869,0.005638837814331055,310,300,3.22,0.02,9.0,3.97,16.21,3.6400000000000006,3.6400000000000006
25870,0.006757020950317383,311,300,3.61,0.02,10.15,4.3,18.080000000000002,4.489999999999998,4.489999999999998
25871,0.0069580078125,312,300,3.02,0.03,8.46,3.84,15.350000000000001,4.399999999999999,4.399999999999999
25872,0.0056803226470947266,313,300,2.63,0.02,7.29,3.43,13.37,3.4000000000000004,3.4000000000000004
25873,0.0053827762603759766,314,300,2.63,0.02,7.29,3.48,13.42,3.0600000000000005,3.0600000000000005
25874,0.006149768829345703,315,300,3.14,0.02,7.82,3.93,14.91,2.2799999999999976,2.2799999999999976
25875,0.00598597526550293,316,300,3.16,0.03,7.91,4.0,15.1,2.3900000000000023,2.3900000000000023
25876,0.00802469253540039,317,300,2.53,0.03,7.16,4.27,13.989999999999998,3.780000000000001,3.780000000000001
25877,0.004633903503417969,318,300,3.16,0.0,8.88,4.5,16.54,1.6300000000000026,1.6300000000000026
25878,0.004695892333984375,319,300,2.89,0.0,8.18,4.43,15.5,3.210000000000001,3.210000000000001
25879,0.006977081298828125,320,300,2.82,0.07,7.95,4.37,15.21,4.460000000000001,4.460000000000001
25880,0.003984689712524414,321,300,1.84,0.01,5.54,2.16,9.55,2.389999999999999,2.389999999999999
25881,0.009739160537719727,322,300,2.26,0.09,6.23,3.53,12.11,3.4400000000000013,3.4400000000000013
25882,0.009125947952270508,323,300,3.3,0.03,9.64,5.42,18.39,3.509999999999998,3.509999999999998
25883,0.008728981018066406,324,300,2.81,0.0,8.18,5.04,16.03,4.829999999999998,4.829999999999998
25884,0.0056378841400146484,325,300,2.98,0.02,8.36,3.74,15.1,2.7700000000000014,2.7700000000000014
25885,0.0050182342529296875,326,300,2.99,0.0,8.32,3.56,14.870000000000001,2.6499999999999986,2.6499999999999986
25886,0.005747318267822266,327,300,2.84,0.0,7.93,3.36,14.129999999999999,3.1300000000000026,3.1300000000000026
25887,0.007867813110351562,328,300,3.31,0.02,9.38,3.56,16.27,2.0100000000000016,2.0100000000000016
25888,0.00569605827331543,329,300,3.31,0.02,9.11,3.99,16.43,2.1499999999999986,2.1499999999999986
25889,0.005641937255859375,330,300,3.32,0.0,9.1,3.75,16.17,2.4099999999999966,2.4099999999999966
25890,0.006175041198730469,331,300,3.83,0.04,10.93,5.51,20.310000000000002,2.299999999999997,2.299999999999997
25891,0.0055501461029052734,332,300,3.77,0.07,10.81,5.26,19.91,2.1400000000000006,2.1400000000000006
25892,0.0055849552154541016,333,300,3.79,0.08,10.88,5.29,20.04,2.5199999999999996,2.5199999999999996
25893,0.005413055419921875,334,300,3.8,0.08,10.9,5.31,20.09,2.3500000000000014,2.3500000000000014
25894,0.0054509639739990234,335,300,3.76,0.08,10.81,5.27,19.92,2.3699999999999974,2.3699999999999974
25895,0.0059740543365478516,336,300,3.86,0.04,11.01,5.6,20.509999999999998,2.6200000000000045,2.6200000000000045
25896,0.0058879852294921875,337,300,3.9,0.0,11.06,5.26,20.22,2.140000000000004,2.140000000000004
25897,0.0063402652740478516,338,300,3.86,0.09,11.06,5.36,20.37,2.6400000000000006,2.6400000000000006
25898,0.005627155303955078,339,300,3.86,0.07,11.03,5.34,20.299999999999997,2.1000000000000014,2.1000000000000014
25899,0.006217241287231445,340,300,3.84,0.0,11.1,5.36,20.3,2.6099999999999994,2.6099999999999994
25900,0.010426998138427734,341,300,2.8,0.04,7.9,4.65,15.39,3.0599999999999987,3.0599999999999987
25901,0.009675025939941406,342,300,2.79,0.03,8.0,4.72,15.54,5.280000000000001,5.280000000000001
25902,0.009871721267700195,343,300,4.27,0.02,12.14,6.27,22.7,3.140000000000004,3.140000000000004
25903,0.008279800415039062,344,300,4.71,0.02,13.29,6.2,24.22,4.050000000000004,4.050000000000004
25904,0.007684946060180664,345,300,4.52,0.0,12.76,5.86,23.14,3.25,3.25
25905,0.008951187133789062,346,300,3.78,0.14,10.73,6.15,20.8,1.6600000000000001,1.6600000000000001
25906,0.007163286209106445,347,300,3.27,0.07,9.6,5.99,18.93,4.18,4.18
25907,0.008265018463134766,348,300,3.46,0.15,10.0,6.15,19.759999999999998,5.82,5.82
25908,0.008130073547363281,349,300,3.47,0.21,10.02,6.21,19.91,6.120000000000001,6.120000000000001
25909,0.005418062210083008,350,300,3.05,0.01,8.51,4.57,16.14,2.219999999999999,2.219999999999999
25910,0.04254508018493652,351,300,2.59,0.03,7.38,4.42,14.42,2.9399999999999995,2.9399999999999995
25911,0.009182929992675781,352,300,2.55,0.02,7.04,3.4,13.01,3.8100000000000005,3.8100000000000005
25912,29.631922960281372,353,300,39.48,0.97,35.81,30.4,106.66,-10.879999999999995,10.879999999999995
25913,0.0005481243133544922,354,300,0.0,0.0,0.0,0.07,0.07,0.0,0.0
25914,0.0065119266510009766,355,300,0.24,0.0,0.55,0.3,1.09,6.0,6.0
25915,0.006426095962524414,356,300,0.24,0.0,0.54,0.31,1.09,5.390000000000001,5.390000000000001
25916,0.006797075271606445,357,300,0.24,0.0,0.55,0.3,1.09,5.390000000000001,5.390000000000001
25917,0.0063800811767578125,358,300,0.24,0.0,0.54,0.31,1.09,5.4,5.4
25918,0.00646209716796875,359,300,0.24,0.0,0.55,0.3,1.09,5.32,5.32
25919,0.005895137786865234,360,300,0.24,0.0,0.54,0.31,1.09,4.93,4.93
25920,0.006378173828125,361,300,0.24,0.0,0.55,0.3,1.09,5.8500000000000005,5.8500000000000005
25921,0.006288051605224609,362,300,0.24,0.01,0.55,0.4,1.2000000000000002,5.359999999999999,5.359999999999999
25922,0.0051250457763671875,363,300,0.24,0.0,0.55,0.3,1.09,3.9000000000000004,3.9000000000000004
25923,0.010614871978759766,364,300,2.84,0.05,8.06,4.73,15.68,4.25,4.25
25924,0.0061190128326416016,365,300,3.11,0.01,8.78,4.62,16.52,4.190000000000001,4.190000000000001
25925,0.005658149719238281,366,300,3.1,0.02,8.79,4.72,16.63,2.9800000000000004,2.9800000000000004
25926,0.006022930145263672,367,300,3.18,0.04,9.12,4.98,17.32,4.329999999999998,4.329999999999998
25927,0.005784034729003906,368,300,3.36,0.04,9.51,5.05,17.96,3.4899999999999984,3.4899999999999984
25928,0.006695747375488281,369,300,3.38,0.03,9.62,4.79,17.82,4.669999999999998,4.669999999999998
25929,0.00626373291015625,370,300,3.05,0.07,8.74,4.95,16.81,3.360000000000003,3.360000000000003
25930,0.00593876838684082,371,300,2.93,0.0,8.32,4.39,15.64,3.1099999999999994,3.1099999999999994
25931,0.00539708137512207,372,300,2.98,0.0,8.38,4.28,15.64,2.41,2.41
25932,0.0063381195068359375,373,300,3.1,0.02,8.84,4.74,16.700000000000003,3.849999999999998,3.849999999999998
25933,0.006206035614013672,374,300,2.99,0.0,8.44,4.43,15.86,2.879999999999999,2.879999999999999
25934,0.005468130111694336,375,300,2.9,0.0,8.17,4.27,15.34,3.0500000000000007,3.0500000000000007
25935,0.005616903305053711,376,300,2.53,0.03,6.82,3.34,12.719999999999999,3.2699999999999996,3.2699999999999996
25936,0.005226850509643555,377,300,2.52,0.02,6.82,3.28,12.639999999999999,3.6800000000000015,3.6800000000000015
25937,0.005399227142333984,378,300,2.82,0.03,7.99,4.6,15.44,3.790000000000001,3.790000000000001
25938,0.005548000335693359,379,300,2.82,0.0,7.97,4.3,15.09,4.039999999999999,4.039999999999999
25939,0.005480766296386719,380,300,2.81,0.02,7.98,4.53,15.34,3.9400000000000013,3.9400000000000013
25940,0.00564885139465332,381,300,2.8,0.0,7.95,4.31,15.059999999999999,4.140000000000001,4.140000000000001
25941,0.004416942596435547,382,300,1.79,0.03,4.89,2.37,9.08,2.7699999999999996,2.7699999999999996
25942,0.0043659210205078125,383,300,1.77,0.02,4.86,2.3,8.95,2.9800000000000004,2.9800000000000004
25943,0.0057981014251708984,384,300,2.79,0.02,7.93,4.61,15.350000000000001,3.549999999999997,3.549999999999997
25944,0.005361080169677734,385,300,2.81,0.0,7.95,4.32,15.08,3.450000000000001,3.450000000000001
25945,0.006033897399902344,386,300,2.76,0.11,7.75,4.54,15.16,3.9800000000000004,3.9800000000000004
25946,0.005403995513916016,387,300,3.0,0.0,8.42,4.35,15.77,2.9400000000000013,2.9400000000000013
25947,0.004702091217041016,388,300,2.03,0.02,5.53,2.65,10.23,2.9000000000000004,2.9000000000000004
25948,0.0047190189361572266,389,300,2.03,0.02,5.53,2.6,10.18,3.280000000000001,3.280000000000001
25949,0.006127834320068359,390,300,3.05,0.02,8.58,4.67,16.32,3.4800000000000004,3.4800000000000004
25950,0.006798744201660156,391,300,3.05,0.0,8.58,4.48,16.11,3.6900000000000013,3.6900000000000013
25951,0.0051288604736328125,392,300,2.23,0.02,6.04,2.9,11.19,3.4099999999999984,3.4099999999999984
25952,0.007375001907348633,393,300,3.01,0.02,8.54,4.62,16.189999999999998,3.4300000000000033,3.4300000000000033
25953,0.00705718994140625,394,300,3.05,0.0,8.6,4.45,16.099999999999998,2.5000000000000036,2.5000000000000036
25954,0.007177114486694336,395,300,3.0,0.01,8.44,4.56,16.009999999999998,3.4000000000000057,3.4000000000000057
25955,0.007133007049560547,396,300,2.99,0.0,8.43,4.43,15.85,2.709999999999999,2.709999999999999
25956,0.004294157028198242,397,300,1.57,0.02,4.34,1.99,7.92,2.1799999999999997,2.1799999999999997
25957,0.00426483154296875,398,300,1.61,0.01,4.41,2.01,8.04,2.3900000000000006,2.3900000000000006
25958,0.005107879638671875,399,300,1.83,0.01,5.02,2.28,9.139999999999999,2.7700000000000014,2.7700000000000014
25959,0.004306793212890625,400,300,1.63,0.01,4.46,2.02,8.12,2.290000000000001,2.290000000000001
25960,0.004876136779785156,401,300,1.83,0.01,5.01,2.27,9.12,2.7600000000000016,2.7600000000000016
25961,0.005773067474365234,402,300,3.32,0.09,9.37,4.71,17.49,4.07,4.07
25962,0.0057446956634521484,403,300,3.25,0.0,8.98,3.67,15.9,4.220000000000001,4.220000000000001
25963,0.005604982376098633,404,300,2.46,0.0,6.75,3.19,12.4,3.709999999999999,3.709999999999999
25964,0.004450082778930664,405,300,3.59,0.01,10.49,4.83,18.92,2.379999999999999,2.379999999999999
25965,0.005079984664916992,406,300,2.75,0.0,7.55,3.43,13.73,3.0,3.0
25966,0.008986234664916992,407,300,2.94,0.04,8.42,4.71,16.11,2.7600000000000016,2.7600000000000016
25967,0.007673740386962891,408,300,2.95,0.0,8.35,4.33,15.63,2.8100000000000005,2.8100000000000005
25968,0.005695343017578125,409,300,2.86,0.04,8.11,4.56,15.57,3.8099999999999987,3.8099999999999987
25969,0.005430936813354492,410,300,2.82,0.02,8.0,4.34,15.18,3.5100000000000016,3.5100000000000016
25970,0.006524085998535156,411,300,2.86,0.06,8.17,4.61,15.7,3.6400000000000006,3.6400000000000006
25971,0.006031990051269531,412,300,2.84,0.04,8.07,4.35,15.299999999999999,3.4600000000000026,3.4600000000000026
25972,0.006146669387817383,413,300,2.87,0.04,8.12,4.62,15.649999999999999,3.7900000000000027,3.7900000000000027
25973,0.006641864776611328,414,300,2.83,0.02,8.01,4.34,15.2,4.070000000000004,4.070000000000004
25974,0.006100893020629883,415,300,2.85,0.05,8.09,4.6,15.59,3.7600000000000016,3.7600000000000016
25975,0.0057909488677978516,416,300,2.83,0.02,7.99,4.34,15.18,3.8099999999999987,3.8099999999999987
25976,0.005467891693115234,417,300,2.85,0.04,8.08,4.57,15.540000000000001,3.980000000000002,3.980000000000002
25977,0.0053157806396484375,418,300,2.81,0.02,7.96,4.33,15.12,3.5600000000000005,3.5600000000000005
25978,0.01010584831237793,419,300,3.78,0.04,10.82,5.46,20.1,4.709999999999997,4.709999999999997
25979,0.006222963333129883,420,300,3.58,0.12,10.37,6.35,20.42,3.799999999999997,3.799999999999997
25980,0.006705760955810547,421,300,3.55,0.08,10.25,5.93,19.81,4.380000000000003,4.380000000000003
25981,0.00738525390625,422,300,3.61,0.11,10.46,6.47,20.65,4.240000000000002,4.240000000000002
25982,0.006521940231323242,423,300,3.11,0.1,8.82,4.86,16.89,4.07,4.07
25983,0.005447864532470703,424,300,3.05,0.09,8.64,4.61,16.39,2.919999999999998,2.919999999999998
25984,0.005321979522705078,425,300,2.44,0.01,6.76,3.14,12.35,3.850000000000003,3.850000000000003
25985,0.0059320926666259766,426,300,3.07,0.07,8.8,4.83,16.770000000000003,3.799999999999997,3.799999999999997
25986,0.006026268005371094,427,300,3.15,0.0,8.97,4.6,16.72,3.9800000000000004,3.9800000000000004
25987,0.006116151809692383,428,300,3.09,0.0,8.78,4.52,16.39,3.5199999999999996,3.5199999999999996
25988,0.008645057678222656,429,300,3.36,0.02,9.67,4.98,18.03,4.879999999999999,4.879999999999999
25989,0.006976127624511719,430,300,3.09,0.03,8.79,4.83,16.74,4.59,4.59
25990,0.006175041198730469,431,300,3.14,0.0,8.93,4.58,16.65,3.9800000000000004,3.9800000000000004
25991,0.0072977542877197266,432,300,3.26,0.0,9.27,4.74,17.27,3.6900000000000013,3.6900000000000013
25992,0.005357027053833008,433,300,3.15,0.02,9.24,4.06,16.47,3.1400000000000006,3.1400000000000006
25993,0.0004649162292480469,434,300,0.0,0.0,0.0,0.07,0.07,0.0,0.0
25994,0.022388935089111328,435,300,24.06,1.95,39.83,27.88,93.72,-4.640000000000001,4.640000000000001
25995,0.04778480529785156,436,300,0.0,0.0,0.0,0.07,0.07,0.0,0.0
25996,0.011535167694091797,437,300,0.24,0.0,0.55,0.3,1.09,4.36,4.36
25997,0.00571894645690918,438,300,0.24,0.0,0.54,0.31,1.09,3.3600000000000003,3.3600000000000003
25998,0.007645368576049805,439,300,1.71,0.05,4.69,2.45,8.9,1.7599999999999998,1.7599999999999998
25999,0.004608154296875,440,300,2.02,0.04,5.48,2.73,10.270000000000001,2.509999999999998,2.509999999999998
26000,0.0056841373443603516,441,300,3.5,0.04,9.89,4.3,17.73,3.370000000000001,3.370000000000001
26001,0.006077766418457031,442,300,3.1,0.01,8.61,3.8,15.52,3.75,3.75
26002,0.0059163570404052734,443,300,3.15,0.01,8.76,3.87,15.79,3.6799999999999997,3.6799999999999997
26003,0.00595402717590332,444,300,3.01,0.01,8.35,3.71,15.079999999999998,4.020000000000003,4.020000000000003
26004,0.0042650699615478516,445,300,1.94,0.04,5.6,2.58,10.16,2.2699999999999996,2.2699999999999996
26005,0.00546717643737793,446,300,3.02,0.01,8.4,3.72,15.15,3.869999999999999,3.869999999999999
26006,0.005608081817626953,447,300,2.97,0.02,8.27,3.73,14.99,3.9999999999999982,3.9999999999999982
26007,0.0004658699035644531,448,300,0.0,0.0,0.0,0.07,0.07,0.0,0.0
26008,0.014406919479370117,449,300,17.73,8.32,28.99,19.4,74.44,-8.899999999999991,8.899999999999991
26009,0.000492095947265625,450,300,0.0,0.0,0.0,0.07,0.07,0.0,0.0
26010,0.01110386848449707,451,300,0.24,0.0,0.55,0.3,1.09,5.760000000000001,5.760000000000001
26011,0.0062999725341796875,452,300,0.24,0.0,0.54,0.31,1.09,4.3500000000000005,4.3500000000000005
26012,0.008458375930786133,453,300,0.24,0.0,0.55,1.8,2.59,0.9199999999999999,0.9199999999999999
26013,0.0067098140716552734,454,300,0.24,0.0,0.54,1.55,2.33,2.16,2.16
26014,0.0068471431732177734,455,300,0.24,0.05,0.58,0.9,1.77,3.2900000000000005,3.2900000000000005
26015,0.005853891372680664,456,300,0.24,0.18,0.68,2.9,4.0,-0.43999999999999995,0.43999999999999995
26016,0.008595943450927734,457,300,3.19,0.12,8.95,4.96,17.22,2.9800000000000004,2.9800000000000004
26017,0.006926059722900391,458,300,3.43,0.0,9.69,4.3,17.419999999999998,3.3000000000000007,3.3000000000000007
26018,0.006771087646484375,459,300,3.73,0.03,10.33,4.43,18.52,3.0100000000000016,3.0100000000000016
26019,0.005879878997802734,460,300,3.38,0.0,9.58,3.86,16.82,3.460000000000001,3.460000000000001
26020,0.006066083908081055,461,300,3.89,0.02,10.8,4.49,19.200000000000003,3.4499999999999957,3.4499999999999957
26021,0.005977153778076172,462,300,3.86,0.0,10.97,4.26,19.09,3.5500000000000007,3.5500000000000007
26022,0.0060520172119140625,463,300,4.3,0.03,12.06,4.8,21.19,2.849999999999998,2.849999999999998
26023,0.005784034729003906,464,300,4.31,0.0,12.07,4.53,20.91,2.6999999999999993,2.6999999999999993
26024,0.004421234130859375,465,300,3.45,0.0,10.17,3.39,17.01,1.7099999999999973,1.7099999999999973
26025,0.006754875183105469,466,300,3.08,0.08,8.83,5.42,17.41,3.09,3.09
26026,0.0065648555755615234,467,300,2.96,0.02,8.58,5.25,16.810000000000002,3.030000000000001,3.030000000000001
26027,0.009691953659057617,468,300,2.98,0.19,8.44,5.4,17.009999999999998,3.400000000000002,3.400000000000002
26028,0.007612705230712891,469,300,3.31,0.0,9.62,4.8,17.73,3.41,3.41
26029,0.007397174835205078,470,300,3.23,0.04,9.13,4.9,17.3,3.9299999999999997,3.9299999999999997
26030,0.007491111755371094,471,300,3.47,0.0,10.19,4.84,18.5,3.6799999999999997,3.6799999999999997
26031,0.007605075836181641,472,300,3.02,0.02,8.74,5.28,17.060000000000002,3.3900000000000006,3.3900000000000006
26032,0.006637096405029297,473,300,2.99,0.02,8.64,5.24,16.89,3.039999999999999,3.039999999999999
26033,0.0005879402160644531,474,300,0.0,0.0,0.0,0.07,0.07,0.0,0.0
26034,0.11576390266418457,475,300,19.38,5.46,38.66,24.28,87.78,-0.09000000000000341,0.09000000000000341
26035,0.0005428791046142578,476,300,0.0,0.0,0.0,0.07,0.07,0.0,0.0
26036,0.010965824127197266,477,300,0.24,0.01,0.55,0.35,1.15,4.8100000000000005,4.8100000000000005
26037,0.006232261657714844,478,300,0.24,0.01,0.54,0.36,1.15,4.550000000000001,4.550000000000001
26038,0.0072021484375,479,300,0.24,0.01,0.55,0.35,1.15,4.779999999999999,4.779999999999999
26039,0.006327152252197266,480,300,0.24,0.0,0.54,0.31,1.09,5.24,5.24
26040,0.006864070892333984,481,300,0.24,0.0,0.55,1.72,2.51,1.0500000000000003,1.0500000000000003
26041,0.006052970886230469,482,300,0.25,0.01,0.54,1.21,2.01,2.7700000000000005,2.7700000000000005
26042,0.005772113800048828,483,300,0.24,0.0,0.55,1.73,2.52,1.7100000000000004,1.7100000000000004
26043,0.007661104202270508,484,300,2.27,0.0,6.11,2.81,11.190000000000001,3.129999999999999,3.129999999999999
26044,0.0075147151947021484,485,300,2.79,0.02,7.93,4.52,15.26,4.020000000000001,4.020000000000001
26045,0.004565000534057617,486,300,2.51,0.02,6.92,3.3,12.75,3.1799999999999997,3.1799999999999997
26046,0.004623889923095703,487,300,2.51,0.02,6.93,3.34,12.799999999999999,3.320000000000002,3.320000000000002
26047,0.00479578971862793,488,300,2.63,0.01,7.27,3.39,13.3,3.4599999999999973,3.4599999999999973
26048,0.005563974380493164,489,300,3.07,0.03,8.71,4.77,16.58,3.4300000000000033,3.4300000000000033
26049,0.0055620670318603516,490,300,3.15,0.0,8.97,4.63,16.75,2.9499999999999993,2.9499999999999993
26050,0.005268096923828125,491,300,2.91,0.02,7.93,3.67,14.53,3.380000000000001,3.380000000000001
26051,0.007922887802124023,492,300,3.38,0.03,9.64,5.02,18.07,5.079999999999998,5.079999999999998
26052,0.005785226821899414,493,300,4.04,0.01,11.34,5.06,20.45,4.09,4.09
26053,0.006794929504394531,494,300,3.51,0.02,9.95,5.02,18.5,4.449999999999999,4.449999999999999
26054,0.006845235824584961,495,300,4.23,0.03,12.1,5.73,22.09,3.580000000000002,3.580000000000002
26055,0.005485057830810547,496,300,2.91,0.01,7.98,3.51,14.41,3.3000000000000007,3.3000000000000007
26056,0.006330966949462891,497,300,3.71,0.07,10.48,4.66,18.92,4.219999999999999,4.219999999999999
26057,0.006681919097900391,498,300,2.63,0.02,7.24,3.34,13.23,3.3699999999999974,3.3699999999999974
26058,0.005762815475463867,499,300,2.56,0.02,7.08,3.29,12.95,3.539999999999999,3.539999999999999
26059,0.0004818439483642578,500,300,0.0,0.0,0.0,0.07,0.07,0.0,0.0
26060,0.03838205337524414,501,300,26.13,5.33,33.34,23.29,88.09,3.1100000000000136,3.1100000000000136
26061,0.0005190372467041016,502,300,0.0,0.0,0.0,0.07,0.07,0.0,0.0
26062,0.010349750518798828,503,300,0.24,0.01,0.55,0.35,1.15,4.51,4.51
26063,0.00550389289855957,504,300,0.24,0.0,0.54,0.31,1.09,2.8099999999999996,2.8099999999999996
26064,0.012214183807373047,505,300,2.52,0.04,6.9,3.45,12.91,4.349999999999998,4.349999999999998
26065,0.00987696647644043,506,300,2.83,0.04,7.85,3.81,14.53,4.200000000000001,4.200000000000001
26066,0.008463144302368164,507,300,2.61,0.04,7.2,3.53,13.379999999999999,3.320000000000004,3.320000000000004
26067,0.008172988891601562,508,300,2.68,0.03,7.41,3.5,13.620000000000001,2.9800000000000004,2.9800000000000004
26068,0.009464025497436523,509,300,3.23,0.02,9.29,5.04,17.58,3.8100000000000023,3.8100000000000023
26069,0.009723186492919922,510,300,3.15,0.12,8.88,4.75,16.9,4.080000000000002,4.080000000000002
26070,0.009105205535888672,511,300,3.21,0.09,9.2,5.18,17.68,4.25,4.25
26071,0.008962869644165039,512,300,3.18,0.09,9.03,4.81,17.11,4.270000000000003,4.270000000000003
26072,0.008497953414916992,513,300,3.54,0.03,10.12,5.22,18.91,3.25,3.25
26073,0.007967948913574219,514,300,3.51,0.0,10.03,4.92,18.46,3.379999999999999,3.379999999999999
26074,0.009210824966430664,515,300,3.31,0.02,9.36,5.01,17.7,3.3000000000000007,3.3000000000000007
26075,0.009014129638671875,516,300,3.2,0.0,9.08,4.65,16.93,3.5100000000000016,3.5100000000000016
26076,0.009085893630981445,517,300,3.33,0.04,9.42,5.06,17.849999999999998,3.0900000000000034,3.0900000000000034
26077,0.008723020553588867,518,300,3.27,0.0,9.25,4.73,17.25,3.450000000000003,3.450000000000003
26078,0.01164698600769043,519,300,5.6,11.02,29.66,23.05,69.33,-7.899999999999999,7.899999999999999
26079,0.0005300045013427734,520,300,0.0,0.0,0.0,0.07,0.07,0.0,0.0
26080,0.04461789131164551,521,300,0.24,0.0,0.55,0.3,1.09,4.6000000000000005,4.6000000000000005
26081,0.006490945816040039,522,300,0.24,0.0,0.54,0.31,1.09,4.65,4.65
26082,0.0059070587158203125,523,300,0.24,0.0,0.55,0.3,1.09,5.0,5.0
26083,0.006825923919677734,524,300,0.24,0.0,0.54,0.31,1.09,5.53,5.53
26084,0.006144046783447266,525,300,0.24,0.01,0.55,0.35,1.15,4.75,4.75
26085,0.003442049026489258,526,300,0.24,0.0,0.54,0.31,1.09,1.2300000000000002,1.2300000000000002
26086,0.005694389343261719,527,300,2.62,0.03,7.17,3.42,13.24,3.0600000000000005,3.0600000000000005
26087,0.005785942077636719,528,300,2.95,0.0,8.02,3.53,14.499999999999998,2.570000000000002,2.570000000000002
26088,0.006002902984619141,529,300,2.8,0.0,7.66,3.35,13.81,2.3900000000000023,2.3900000000000023
26089,0.005220651626586914,530,300,1.69,0.0,4.99,1.88,8.559999999999999,2.370000000000001,2.370000000000001
26090,0.006536960601806641,531,300,3.19,0.04,8.88,4.01,16.12,3.3000000000000007,3.3000000000000007
26091,0.0069141387939453125,532,300,3.41,0.0,9.39,3.92,16.72,3.6900000000000013,3.6900000000000013
26092,0.006201028823852539,533,300,3.19,0.0,8.83,3.62,15.64,2.8900000000000006,2.8900000000000006
26093,0.005364894866943359,534,300,2.36,0.0,6.9,2.51,11.77,2.120000000000001,2.120000000000001
26094,0.004133939743041992,535,300,2.08,0.03,6.12,2.69,10.92,2.1099999999999994,2.1099999999999994
26095,0.004518032073974609,536,300,2.45,0.0,6.71,2.96,12.120000000000001,2.669999999999998,2.669999999999998
26096,0.004231929779052734,537,300,2.46,0.0,6.77,2.95,12.18,2.460000000000001,2.460000000000001
26097,0.00782632827758789,538,300,3.41,0.04,9.81,6.31,19.57,3.370000000000001,3.370000000000001
26098,0.0064640045166015625,539,300,2.91,0.04,8.31,4.93,16.19,3.8099999999999987,3.8099999999999987
26099,0.004939079284667969,540,300,1.93,0.02,5.76,2.34,10.05,1.8099999999999987,1.8099999999999987
26100,0.005309343338012695,541,300,2.14,0.01,5.94,2.54,10.629999999999999,2.2600000000000016,2.2600000000000016
26101,0.004358768463134766,542,300,2.1,0.01,5.84,2.51,10.459999999999999,2.290000000000001,2.290000000000001
26102,0.004631996154785156,543,300,2.63,0.02,7.28,3.26,13.19,2.3499999999999996,2.3499999999999996
26103,0.004855155944824219,544,300,2.61,0.02,7.24,3.25,13.120000000000001,2.3900000000000006,2.3900000000000006
26104,0.005463123321533203,545,300,2.62,0.01,7.21,3.22,13.06,2.469999999999999,2.469999999999999
26105,0.0043451786041259766,546,300,2.65,0.01,7.25,3.25,13.16,2.369999999999999,2.369999999999999
26106,0.008800029754638672,547,300,2.52,0.09,7.01,3.85,13.469999999999999,2.91,2.91
26107,0.005448818206787109,548,300,2.62,0.03,7.19,3.53,13.37,3.0500000000000025,3.0500000000000025
26108,0.005609989166259766,549,300,2.72,0.03,7.54,3.64,13.93,3.2600000000000016,3.2600000000000016
26109,0.005396127700805664,550,300,2.73,0.04,7.6,3.7,14.07,3.3699999999999974,3.3699999999999974
26110,0.00794219970703125,551,300,3.22,0.04,9.12,5.03,17.41,3.8200000000000003,3.8200000000000003
26111,0.007575035095214844,552,300,3.08,0.1,8.77,4.88,16.83,4.190000000000001,4.190000000000001
26112,0.0038008689880371094,553,300,2.2,0.02,6.21,2.87,11.3,1.9299999999999997,1.9299999999999997
26113,0.007543087005615234,554,300,3.2,0.03,9.15,4.99,17.37,3.6799999999999997,3.6799999999999997
26114,0.003793954849243164,555,300,1.57,0.02,4.63,2.08,8.3,2.4299999999999997,2.4299999999999997
26115,0.0064239501953125,556,300,3.24,0.03,9.19,5.03,17.49,3.460000000000001,3.460000000000001
26116,0.011642932891845703,557,300,10.01,17.17,43.15,14.29,84.62,-7.060000000000002,7.060000000000002
26117,0.0004761219024658203,558,300,0.0,0.0,0.0,0.07,0.07,0.0,0.0
26118,0.006228923797607422,559,300,0.24,0.0,0.55,0.3,1.09,5.470000000000001,5.470000000000001
26119,0.0060079097747802734,560,300,0.24,0.0,0.54,0.31,1.09,5.03,5.03
26120,0.0060749053955078125,561,300,0.24,0.0,0.55,0.3,1.09,5.039999999999999,5.039999999999999
26121,0.0044019222259521484,562,300,0.24,0.0,0.54,0.31,1.09,1.86,1.86
26122,0.00715184211730957,563,300,2.41,0.03,6.93,3.27,12.639999999999999,3.6400000000000023,3.6400000000000023
26123,0.004230022430419922,564,300,1.38,0.02,3.76,1.87,7.03,2.6100000000000003,2.6100000000000003
26124,0.005291938781738281,565,300,1.67,0.01,4.57,2.15,8.4,3.709999999999999,3.709999999999999
26125,0.005736827850341797,566,300,2.36,0.01,7.14,3.11,12.62,3.9999999999999982,3.9999999999999982
26126,0.005651235580444336,567,300,2.32,0.01,6.65,3.02,12.0,4.640000000000001,4.640000000000001
26127,0.006111860275268555,568,300,2.22,0.02,6.33,2.98,11.55,4.690000000000001,4.690000000000001
26128,0.00583195686340332,569,300,2.39,0.02,6.46,3.14,12.010000000000002,4.789999999999999,4.789999999999999
26129,0.0049190521240234375,570,300,2.27,0.0,6.5,2.83,11.6,3.4700000000000006,3.4700000000000006
26130,0.004623889923095703,571,300,1.35,0.0,3.71,1.68,6.74,3.0299999999999994,3.0299999999999994
26131,0.0058329105377197266,572,300,2.87,0.01,7.99,3.99,14.860000000000001,4.549999999999999,4.549999999999999
26132,0.00558018684387207,573,300,2.89,0.01,8.06,4.02,14.98,4.919999999999998,4.919999999999998
26133,0.005712032318115234,574,300,2.32,0.06,6.28,3.36,12.02,4.030000000000001,4.030000000000001
26134,0.006150960922241211,575,300,2.44,0.01,6.75,3.16,12.36,5.219999999999999,5.219999999999999
26135,0.004328250885009766,576,300,1.69,0.01,5.1,2.19,8.99,2.7300000000000004,2.7300000000000004
26136,0.004708051681518555,577,300,1.53,0.02,4.22,2.03,7.799999999999999,3.0200000000000014,3.0200000000000014
26137,0.010891914367675781,578,300,2.45,0.05,6.9,4.23,13.63,3.7899999999999974,3.7899999999999974
26138,0.006621837615966797,579,300,2.71,0.02,7.71,4.4,14.84,4.640000000000001,4.640000000000001
26139,0.006231784820556641,580,300,2.83,0.02,8.09,4.38,15.32,3.879999999999999,3.879999999999999
26140,0.0062100887298583984,581,300,2.76,0.02,7.88,4.43,15.09,4.050000000000001,4.050000000000001
26141,0.00652003288269043,582,300,2.78,0.03,7.94,4.42,15.17,3.4799999999999986,3.4799999999999986
26142,0.0076751708984375,583,300,1.62,0.08,4.66,2.53,8.89,3.039999999999999,3.039999999999999
26143,0.006171226501464844,584,300,2.41,0.02,6.63,3.29,12.350000000000001,3.7799999999999976,3.7799999999999976
26144,0.007036924362182617,585,300,1.94,0.02,5.47,2.63,10.059999999999999,3.870000000000001,3.870000000000001
26145,0.004069328308105469,586,300,1.56,0.02,4.83,2.11,8.52,2.040000000000001,2.040000000000001
26146,0.0041811466217041016,587,300,1.44,0.01,4.15,1.84,7.44,2.509999999999999,2.509999999999999
26147,0.00805211067199707,588,300,1.61,0.03,4.36,2.2,8.2,2.210000000000001,2.210000000000001
26148,0.00665593147277832,589,300,2.89,0.02,8.21,3.92,15.040000000000001,4.17,4.17
26149,0.005615711212158203,590,300,2.78,0.01,7.81,3.75,14.35,3.540000000000001,3.540000000000001
26150,0.008636713027954102,591,300,2.55,0.02,7.06,3.36,12.989999999999998,3.6000000000000014,3.6000000000000014
26151,0.0055272579193115234,592,300,2.55,0.02,7.0,3.35,12.92,4.070000000000002,4.070000000000002
26152,0.006009101867675781,593,300,2.62,0.02,7.22,3.42,13.28,4.159999999999998,4.159999999999998
26153,0.0004909038543701172,594,300,0.0,0.0,0.0,0.07,0.07,0.0,0.0
26154,0.0671238899230957,595,300,16.33,3.61,29.26,17.58,66.78,-5.649999999999999,5.649999999999999
26155,0.0005631446838378906,596,300,0.0,0.0,0.0,0.07,0.07,0.0,0.0
26156,0.010452985763549805,597,300,0.24,0.0,0.55,0.3,1.09,4.4,4.4
26157,0.007051944732666016,598,300,0.24,0.09,0.61,1.5,2.44,2.48,2.48
26158,0.00680994987487793,599,300,0.24,0.0,0.55,0.3,1.09,5.390000000000001,5.390000000000001
26159,0.0070552825927734375,600,300,0.24,0.0,0.54,0.31,1.09,5.67,5.67
26160,0.006106853485107422,601,300,0.24,0.0,0.55,0.3,1.09,4.359999999999999,4.359999999999999
26161,0.0062749385833740234,602,300,0.24,0.0,0.54,0.31,1.09,5.0,5.0
26162,0.007993698120117188,603,300,2.45,0.01,6.65,3.14,12.25,3.1999999999999993,3.1999999999999993
26163,0.0049550533294677734,604,300,1.94,0.02,5.28,2.48,9.72,2.5699999999999985,2.5699999999999985
26164,0.0060498714447021484,605,300,2.46,0.0,6.6,3.09,12.149999999999999,4.380000000000003,4.380000000000003
26165,0.03311014175415039,606,300,1.97,0.0,5.32,2.37,9.66,3.5299999999999994,3.5299999999999994
26166,0.006433963775634766,607,300,4.27,0.0,12.12,5.49,21.880000000000003,2.8199999999999967,2.8199999999999967
26167,0.00590825080871582,608,300,4.28,0.0,12.16,5.44,21.880000000000003,2.769999999999996,2.769999999999996
26168,0.00586700439453125,609,300,4.32,0.0,12.26,5.44,22.02,2.469999999999999,2.469999999999999
26169,0.005826234817504883,610,300,4.33,0.0,12.29,5.46,22.08,2.6800000000000033,2.6800000000000033
26170,0.005873918533325195,611,300,4.29,0.0,12.2,5.44,21.93,2.4800000000000004,2.4800000000000004
26171,0.006104946136474609,612,300,4.31,0.0,12.24,5.44,21.990000000000002,2.6999999999999993,2.6999999999999993
26172,0.005698680877685547,613,300,4.31,0.0,12.24,5.44,21.990000000000002,2.4499999999999993,2.4499999999999993
26173,0.005884885787963867,614,300,4.3,0.0,12.21,5.45,21.96,2.719999999999999,2.719999999999999
26174,0.0060422420501708984,615,300,4.28,0.0,12.17,5.42,21.869999999999997,2.5400000000000027,2.5400000000000027
26175,0.004879951477050781,616,300,1.78,0.0,4.81,2.2,8.79,2.6400000000000006,2.6400000000000006
26176,0.0040280818939208984,617,300,1.69,0.01,4.59,2.13,8.42,1.9100000000000001,1.9100000000000001
26177,0.003885030746459961,618,300,1.69,0.01,4.61,2.14,8.450000000000001,2.139999999999999,2.139999999999999
26178,0.003988027572631836,619,300,1.69,0.02,4.62,2.19,8.52,1.8499999999999996,1.8499999999999996
26179,0.007412910461425781,620,300,1.39,0.01,4.02,1.69,7.109999999999999,2.33,2.33
26180,0.0047321319580078125,621,300,1.44,0.0,3.98,1.77,7.1899999999999995,2.6799999999999997,2.6799999999999997
26181,0.005072832107543945,622,300,1.4,0.01,3.85,1.75,7.01,2.9000000000000004,2.9000000000000004
26182,0.00544285774230957,623,300,2.55,0.01,6.9,3.29,12.75,4.18,4.18
26183,0.005856037139892578,624,300,2.61,0.0,7.04,3.21,12.86,3.960000000000001,3.960000000000001
26184,0.005419015884399414,625,300,2.59,0.0,6.98,3.19,12.76,3.730000000000002,3.730000000000002
26185,0.004019021987915039,626,300,1.34,0.0,3.68,1.53,6.550000000000001,2.3499999999999996,2.3499999999999996
26186,0.0055408477783203125,627,300,2.51,0.01,6.76,3.21,12.489999999999998,3.59,3.59
26187,0.0039882659912109375,628,300,1.43,0.0,3.92,1.65,7.0,2.3200000000000003,2.3200000000000003
26188,0.004545927047729492,629,300,1.76,0.02,5.11,2.24,9.13,3.2299999999999986,3.2299999999999986
26189,0.003976106643676758,630,300,1.79,0.0,5.47,2.21,9.469999999999999,2.5100000000000016,2.5100000000000016
26190,0.009594917297363281,631,300,4.66,0.04,13.27,5.56,23.529999999999998,3.710000000000001,3.710000000000001
26191,0.006530046463012695,632,300,3.29,0.02,9.44,5.35,18.1,3.490000000000002,3.490000000000002
26192,0.005800962448120117,633,300,3.6,0.0,10.36,5.63,19.59,2.460000000000001,2.460000000000001
26193,0.0062711238861083984,634,300,3.18,0.02,9.21,5.44,17.85,4.030000000000001,4.030000000000001
26194,0.007297992706298828,635,300,4.39,0.0,12.57,6.12,23.080000000000002,3.7499999999999964,3.7499999999999964
26195,0.007025957107543945,636,300,3.16,0.07,9.1,5.58,17.91,4.809999999999999,4.809999999999999
26196,0.007053852081298828,637,300,4.47,0.07,12.88,6.24,23.660000000000004,4.389999999999997,4.389999999999997
26197,0.005627870559692383,638,300,3.18,0.07,9.15,5.23,17.630000000000003,3.9999999999999964,3.9999999999999964
26198,0.007639884948730469,639,300,4.32,0.0,12.4,6.07,22.79,3.960000000000001,3.960000000000001
26199,0.007969856262207031,640,300,3.75,0.06,10.82,6.18,20.810000000000002,4.579999999999998,4.579999999999998
26200,0.007447004318237305,641,300,4.21,0.04,12.18,6.31,22.74,4.34,4.34
26201,0.006393909454345703,642,300,3.8,0.02,10.88,5.87,20.57,3.759999999999998,3.759999999999998
26202,0.007684230804443359,643,300,4.76,0.0,13.75,6.51,25.019999999999996,3.8100000000000023,3.8100000000000023
26203,0.007507801055908203,644,300,4.13,0.02,11.86,5.66,21.669999999999998,4.840000000000003,4.840000000000003
26204,0.007227897644042969,645,300,4.08,0.0,11.71,5.4,21.19,4.07,4.07
26205,0.006637096405029297,646,300,3.73,0.0,10.64,5.07,19.44,3.9800000000000004,3.9800000000000004
26206,0.009021282196044922,647,300,3.87,0.07,11.29,6.41,21.64,2.9499999999999993,2.9499999999999993
26207,0.007225751876831055,648,300,3.13,0.01,8.86,4.68,16.68,4.280000000000001,4.280000000000001
26208,0.006610870361328125,649,300,3.31,0.02,9.5,4.92,17.75,4.210000000000001,4.210000000000001
26209,0.006541252136230469,650,300,2.71,0.0,7.27,3.43,13.41,4.459999999999997,4.459999999999997
26210,0.0051250457763671875,651,300,1.59,0.0,4.33,1.83,7.75,2.1899999999999995,2.1899999999999995
26211,0.007319927215576172,652,300,3.41,0.02,9.37,4.19,16.99,3.91,3.91
26212,0.006033182144165039,653,300,2.64,0.0,7.35,2.93,12.92,2.8100000000000005,2.8100000000000005
26213,0.0004918575286865234,654,300,0.0,0.0,0.0,0.07,0.07,0.0,0.0
26214,0.1196451187133789,655,300,36.29,1.38,35.11,33.43,106.21000000000001,-3.720000000000013,3.720000000000013
26215,0.0005559921264648438,656,300,0.0,0.0,0.0,0.07,0.07,0.0,0.0
26216,0.010994911193847656,657,300,0.24,0.0,0.55,0.3,1.09,5.59,5.59
26217,0.008765935897827148,658,300,0.24,0.01,0.54,0.8,1.59,4.1499999999999995,4.1499999999999995
26218,0.0044939517974853516,659,300,0.24,0.0,0.55,0.3,1.09,2.42,2.42
26219,0.010535955429077148,660,300,2.73,0.05,7.66,4.58,15.02,3.91,3.91
26220,0.006014108657836914,661,300,2.53,0.02,7.25,4.12,13.920000000000002,4.079999999999998,4.079999999999998
26221,0.0073277950286865234,662,300,3.02,0.03,8.58,4.48,16.11,3.370000000000001,3.370000000000001
26222,0.00516200065612793,663,300,3.08,0.0,8.71,4.12,15.91,3.370000000000001,3.370000000000001
26223,0.006894111633300781,664,300,3.01,0.02,8.56,4.39,15.98,3.599999999999998,3.599999999999998
26224,0.005108833312988281,665,300,3.03,0.0,8.58,4.08,15.69,3.58,3.58
26225,0.007231950759887695,666,300,2.94,0.03,8.38,4.45,15.8,3.8900000000000006,3.8900000000000006
26226,0.005404949188232422,667,300,3.01,0.0,8.55,4.09,15.65,3.619999999999999,3.619999999999999
26227,0.007046937942504883,668,300,2.82,0.04,8.0,4.66,15.52,4.23,4.23
26228,0.006758928298950195,669,300,2.86,0.04,8.07,4.6,15.57,4.449999999999999,4.449999999999999
26229,0.0068111419677734375,670,300,2.8,0.04,7.88,4.61,15.329999999999998,4.490000000000002,4.490000000000002
26230,0.005760908126831055,671,300,2.81,0.04,7.95,4.53,15.330000000000002,3.3999999999999986,3.3999999999999986
26231,0.005725383758544922,672,300,2.78,0.03,7.89,4.46,15.16,3.2699999999999996,3.2699999999999996
26232,0.0056607723236083984,673,300,2.92,0.04,8.2,4.66,15.82,3.0799999999999983,3.0799999999999983
26233,0.007975339889526367,674,300,2.85,0.0,7.92,3.14,13.91,2.6099999999999994,2.6099999999999994
26234,0.007977962493896484,675,300,2.19,0.11,6.23,3.39,11.920000000000002,2.389999999999999,2.389999999999999
26235,0.005135774612426758,676,300,2.12,0.02,5.94,2.74,10.82,2.5999999999999996,2.5999999999999996
26236,0.004407167434692383,677,300,2.17,0.02,6.09,2.77,11.049999999999999,2.700000000000001,2.700000000000001
26237,0.008079767227172852,678,300,2.04,0.01,5.54,2.56,10.15,3.1500000000000004,3.1500000000000004
26238,0.006432056427001953,679,300,2.65,0.01,7.45,4.24,14.35,4.360000000000001,4.360000000000001
26239,0.00048804283142089844,680,300,0.0,0.0,0.0,0.07,0.07,0.0,0.0
26240,0.014644384384155273,681,300,13.16,6.77,24.82,22.25,67.0,-4.210000000000001,4.210000000000001
26241,0.0005667209625244141,682,300,0.0,0.0,0.0,0.07,0.07,0.0,0.0
26242,0.011075019836425781,683,300,0.24,0.0,0.55,0.3,1.09,5.2,5.2
26243,0.004706859588623047,684,300,0.24,0.0,0.54,0.31,1.09,2.16,2.16
26244,0.009601831436157227,685,300,2.71,0.06,7.64,4.72,15.129999999999999,2.860000000000003,2.860000000000003
26245,0.004720926284790039,686,300,2.06,0.02,6.03,3.74,11.85,2.26,2.26
26246,0.004792928695678711,687,300,2.03,0.1,5.86,3.81,11.8,2.2399999999999984,2.2399999999999984
26247,0.00656890869140625,688,300,2.01,0.02,5.85,3.55,11.43,3.380000000000001,3.380000000000001
26248,0.005263805389404297,689,300,2.09,0.03,6.0,3.59,11.709999999999999,3.049999999999999,3.049999999999999
26249,0.0054819583892822266,690,300,2.22,0.04,6.07,2.99,11.32,2.74,2.74
26250,0.03825688362121582,691,300,2.33,0.0,6.52,2.82,11.67,2.8900000000000006,2.8900000000000006
26251,0.0051991939544677734,692,300,2.09,0.05,5.72,3.0,10.86,3.030000000000001,3.030000000000001
26252,0.00540614128112793,693,300,2.25,0.0,6.29,2.75,11.29,3.1900000000000013,3.1900000000000013
26253,0.006725311279296875,694,300,2.7,0.04,7.45,3.67,13.860000000000001,4.74,4.74
26254,0.006542205810546875,695,300,2.71,0.06,7.49,3.83,14.09,4.530000000000001,4.530000000000001
26255,0.005160808563232422,696,300,2.35,0.04,6.72,3.27,12.379999999999999,3.200000000000003,3.200000000000003
26256,0.004955768585205078,697,300,2.28,0.03,6.55,3.12,11.98,3.1099999999999994,3.1099999999999994
26257,0.00492405891418457,698,300,2.3,0.02,6.57,3.07,11.96,3.3000000000000007,3.3000000000000007
26258,0.005776166915893555,699,300,2.4,0.03,6.8,3.22,12.450000000000001,3.4499999999999993,3.4499999999999993
26259,0.005488872528076172,700,300,2.41,0.02,6.91,3.24,12.58,3.619999999999999,3.619999999999999
26260,0.005280971527099609,701,300,2.49,0.02,7.14,3.32,12.97,3.42,3.42
26261,0.005237102508544922,702,300,2.43,0.02,6.9,3.21,12.560000000000002,3.219999999999997,3.219999999999997
26262,0.005125999450683594,703,300,2.46,0.03,7.02,3.32,12.83,3.1500000000000004,3.1500000000000004
26263,0.0051708221435546875,704,300,2.42,0.02,6.86,3.2,12.5,3.3499999999999996,3.3499999999999996
26264,0.0055370330810546875,705,300,2.56,0.02,7.27,3.4,13.25,3.3599999999999994,3.3599999999999994
26265,0.005227088928222656,706,300,2.43,0.02,6.97,3.25,12.67,3.369999999999999,3.369999999999999
26266,0.005129098892211914,707,300,2.38,0.03,6.8,3.2,12.41,3.1099999999999994,3.1099999999999994
26267,0.0053119659423828125,708,300,2.52,0.02,7.21,3.35,13.1,3.070000000000002,3.070000000000002
26268,0.0054509639739990234,709,300,2.39,0.02,6.75,3.22,12.38,4.1800000000000015,4.1800000000000015
26269,0.005124807357788086,710,300,2.58,0.03,7.32,3.47,13.4,3.3100000000000005,3.3100000000000005
26270,0.005179166793823242,711,300,2.43,0.02,7.0,3.26,12.709999999999999,3.2300000000000004,3.2300000000000004
26271,0.005082130432128906,712,300,2.45,0.02,7.03,3.27,12.77,2.960000000000001,2.960000000000001
26272,0.005249977111816406,713,300,2.43,0.04,6.96,3.36,12.79,2.780000000000001,2.780000000000001
26273,0.005198001861572266,714,300,2.4,0.02,6.84,3.2,12.46,3.1499999999999986,3.1499999999999986
26274,0.005171298980712891,715,300,2.45,0.02,6.99,3.27,12.73,3.269999999999998,3.269999999999998
26275,0.005262136459350586,716,300,2.5,0.04,7.09,3.41,13.04,3.2300000000000004,3.2300000000000004
26276,0.005205869674682617,717,300,2.4,0.02,6.87,3.21,12.5,3.380000000000001,3.380000000000001
26277,0.0050961971282958984,718,300,2.32,0.02,6.63,3.11,12.079999999999998,3.730000000000002,3.730000000000002
26278,0.00510406494140625,719,300,2.33,0.02,6.65,3.1,12.1,2.9399999999999995,2.9399999999999995
26279,0.00745391845703125,720,300,2.47,0.05,6.87,3.47,12.860000000000001,4.749999999999998,4.749999999999998
26280,0.007152080535888672,721,300,2.55,0.06,7.1,3.62,13.329999999999998,4.350000000000001,4.350000000000001
26281,0.006440162658691406,722,300,2.43,0.03,6.73,3.26,12.450000000000001,4.089999999999998,4.089999999999998
26282,0.006412982940673828,723,300,2.6,0.05,7.28,3.56,13.49,3.5999999999999996,3.5999999999999996
26283,0.005300998687744141,724,300,3.04,0.01,8.33,3.63,15.009999999999998,3.0400000000000027,3.0400000000000027
26284,0.010668039321899414,725,300,4.93,0.0,14.06,5.84,24.830000000000002,1.8199999999999967,1.8199999999999967
26285,0.013119935989379883,726,300,5.01,0.0,14.26,6.13,25.4,3.16,3.16
26286,0.008279085159301758,727,300,4.17,0.01,11.56,4.65,20.39,1.0999999999999979,1.0999999999999979
26287,0.005709171295166016,728,300,2.31,0.02,6.65,2.98,11.96,1.8099999999999987,1.8099999999999987
26288,0.006067991256713867,729,300,2.7,0.02,7.68,3.57,13.97,2.8400000000000016,2.8400000000000016
26289,0.00494694709777832,730,300,2.33,0.02,6.68,3.02,12.049999999999999,2.160000000000002,2.160000000000002
26290,0.006232261657714844,731,300,2.4,0.03,6.87,3.24,12.540000000000001,3.299999999999999,3.299999999999999
26291,0.005494832992553711,732,300,2.4,0.04,6.87,3.28,12.59,2.900000000000002,2.900000000000002
26292,0.0051419734954833984,733,300,2.36,0.03,6.75,3.17,12.31,2.91,2.91
26293,0.005177021026611328,734,300,2.4,0.02,6.86,3.19,12.47,2.889999999999999,2.889999999999999
26294,0.0051310062408447266,735,300,2.35,0.02,6.75,3.12,12.240000000000002,2.8699999999999974,2.8699999999999974
26295,0.004467964172363281,736,300,1.75,0.07,5.02,2.68,9.52,2.2699999999999996,2.2699999999999996
26296,0.005297183990478516,737,300,2.41,0.04,6.91,3.31,12.67,3.1999999999999993,3.1999999999999993
26297,0.005136966705322266,738,300,2.41,0.05,6.91,3.4,12.770000000000001,3.2299999999999986,3.2299999999999986
26298,0.0051920413970947266,739,300,2.43,0.03,6.95,3.28,12.69,3.24,3.24
26299,0.0053441524505615234,740,300,2.46,0.02,7.01,3.24,12.73,3.2900000000000027,3.2900000000000027
26300,0.004736185073852539,741,300,2.08,0.03,6.05,2.81,10.97,2.959999999999999,2.959999999999999
26301,0.005412101745605469,742,300,2.42,0.02,6.91,3.21,12.559999999999999,3.4300000000000015,3.4300000000000015
26302,0.004839897155761719,743,300,2.12,0.02,6.14,2.82,11.1,2.66,2.66
26303,0.004770755767822266,744,300,2.18,0.02,6.27,2.88,11.349999999999998,2.950000000000003,2.950000000000003
26304,0.0046977996826171875,745,300,2.18,0.02,6.26,2.88,11.34,2.790000000000001,2.790000000000001
26305,0.0050199031829833984,746,300,2.4,0.04,6.87,3.31,12.620000000000001,3.01,3.01
26306,0.005333662033081055,747,300,2.43,0.02,6.92,3.22,12.590000000000002,3.4499999999999975,3.4499999999999975
26307,0.005160093307495117,748,300,2.34,0.02,6.67,3.11,12.139999999999999,3.580000000000002,3.580000000000002
26308,0.0050852298736572266,749,300,2.48,0.02,7.06,3.28,12.839999999999998,3.2500000000000018,3.2500000000000018
26309,0.0004642009735107422,750,300,0.0,0.0,0.0,0.07,0.07,0.0,0.0
26310,0.06386208534240723,751,300,17.65,1.23,32.15,24.3,75.33,-2.8900000000000006,2.8900000000000006
26311,0.0005800724029541016,752,300,0.0,0.0,0.0,0.07,0.07,0.0,0.0
26312,0.010341882705688477,753,300,0.24,0.0,0.55,0.3,1.09,5.82,5.82
26313,0.00745701789855957,754,300,0.24,0.01,0.54,0.36,1.15,5.73,5.73
26314,0.006768226623535156,755,300,0.24,0.0,0.55,0.3,1.09,5.91,5.91
26315,0.006246805191040039,756,300,0.24,0.0,0.54,0.31,1.09,5.48,5.48
26316,0.006252765655517578,757,300,0.24,0.01,0.55,0.35,1.15,5.210000000000001,5.210000000000001
26317,0.006798982620239258,758,300,0.24,0.0,0.54,0.31,1.09,5.6000000000000005,5.6000000000000005
26318,0.0064508914947509766,759,300,0.24,0.0,0.55,0.3,1.09,4.88,4.88
26319,0.00665593147277832,760,300,0.24,0.0,0.54,0.31,1.09,5.16,5.16
26320,0.006656646728515625,761,300,0.24,0.0,0.55,0.3,1.09,5.07,5.07
26321,0.0065767765045166016,762,300,0.24,0.0,0.54,0.31,1.09,5.61,5.61
26322,0.003820180892944336,763,300,0.24,0.0,0.55,0.3,1.09,1.2099999999999997,1.2099999999999997
26323,0.009012937545776367,764,300,2.46,0.06,6.71,3.5,12.73,3.5700000000000003,3.5700000000000003
26324,0.006026029586791992,765,300,2.98,0.0,7.97,3.62,14.57,4.18,4.18
26325,0.006636857986450195,766,300,3.08,0.0,8.95,3.79,15.82,4.449999999999999,4.449999999999999
26326,0.005608320236206055,767,300,2.52,0.02,6.81,3.29,12.64,4.16,4.16
26327,0.00560307502746582,768,300,2.69,0.0,7.22,3.31,13.22,3.83,3.83
26328,0.0058612823486328125,769,300,3.12,0.0,9.09,3.89,16.1,4.289999999999999,4.289999999999999
26329,0.005402088165283203,770,300,2.55,0.02,6.87,3.4,12.84,3.5799999999999983,3.5799999999999983
26330,0.005884885787963867,771,300,2.68,0.0,7.16,3.38,13.219999999999999,3.6099999999999994,3.6099999999999994
26331,0.0056378841400146484,772,300,3.02,0.0,8.84,3.84,15.7,3.8000000000000007,3.8000000000000007
26332,0.005525827407836914,773,300,2.45,0.02,6.6,3.24,12.31,3.709999999999999,3.709999999999999
26333,0.005470991134643555,774,300,2.54,0.0,6.82,3.17,12.53,3.290000000000001,3.290000000000001
26334,0.005337238311767578,775,300,2.66,0.0,7.81,3.34,13.809999999999999,3.1999999999999993,3.1999999999999993
26335,0.03481602668762207,776,300,2.54,0.02,6.99,3.46,13.010000000000002,4.479999999999997,4.479999999999997
26336,0.006814002990722656,777,300,2.51,0.02,6.89,3.39,12.81,4.389999999999999,4.389999999999999
26337,0.006084918975830078,778,300,2.48,0.02,6.8,3.39,12.690000000000001,3.799999999999997,3.799999999999997
26338,0.005954742431640625,779,300,2.49,0.02,6.87,3.23,12.610000000000001,3.5699999999999985,3.5699999999999985
26339,0.004709959030151367,780,300,1.86,0.01,5.04,2.36,9.27,3.040000000000001,3.040000000000001
26340,0.004008054733276367,781,300,1.31,0.01,3.6,1.63,6.55,2.4799999999999995,2.4799999999999995
26341,0.0038361549377441406,782,300,1.22,0.01,3.4,1.54,6.17,2.33,2.33
26342,0.008693933486938477,783,300,2.11,0.05,5.66,3.09,10.91,4.109999999999999,4.109999999999999
26343,0.005644083023071289,784,300,2.25,0.02,6.03,2.94,11.24,3.4499999999999993,3.4499999999999993
26344,0.005639791488647461,785,300,2.26,0.02,6.07,2.94,11.29,2.6500000000000004,2.6500000000000004
26345,0.0051631927490234375,786,300,2.14,0.02,5.71,2.84,10.71,3.0299999999999976,3.0299999999999976
26346,0.006175041198730469,787,300,2.13,0.02,5.7,2.83,10.68,4.109999999999999,4.109999999999999
26347,0.006134986877441406,788,300,2.14,0.02,5.71,2.84,10.71,4.17,4.17
26348,0.004940032958984375,789,300,2.12,0.02,5.69,2.82,10.65,3.0600000000000005,3.0600000000000005
26349,0.007096767425537109,790,300,1.91,0.04,5.19,2.68,9.82,3.1899999999999995,3.1899999999999995
26350,0.0051767826080322266,791,300,1.91,0.0,5.17,2.35,9.43,2.7900000000000027,2.7900000000000027
26351,0.004792928695678711,792,300,1.85,0.0,4.98,2.24,9.07,2.719999999999999,2.719999999999999
26352,0.007142782211303711,793,300,1.72,0.0,4.63,2.06,8.41,3.7200000000000006,3.7200000000000006
26353,0.0052051544189453125,794,300,1.99,0.0,5.38,2.48,9.85,2.99,2.99
26354,0.005281925201416016,795,300,2.0,0.0,5.42,2.39,9.81,2.459999999999999,2.459999999999999
26355,0.0047152042388916016,796,300,1.93,0.0,5.22,2.31,9.459999999999999,2.41,2.41
26356,0.006345987319946289,797,300,1.78,0.0,4.86,2.13,8.77,3.200000000000001,3.200000000000001
26357,0.005369901657104492,798,300,1.99,0.0,5.38,2.48,9.85,3.0700000000000003,3.0700000000000003
26358,0.005129098892211914,799,300,2.0,0.0,5.42,2.4,9.82,2.5,2.5
26359,0.0048940181732177734,800,300,1.93,0.0,5.21,2.3,9.44,2.4800000000000004,2.4800000000000004
26360,0.006294965744018555,801,300,1.78,0.0,4.86,2.13,8.77,3.08,3.08
26361,0.006158113479614258,802,300,4.4,0.05,12.78,5.68,22.91,3.1999999999999993,3.1999999999999993
26362,0.005861997604370117,803,300,4.37,0.04,12.73,5.58,22.72,3.010000000000005,3.010000000000005
26363,0.005856990814208984,804,300,2.83,0.02,8.19,4.31,15.349999999999998,2.5600000000000023,2.5600000000000023
26364,0.005151033401489258,805,300,2.83,0.01,8.18,4.21,15.23,2.5100000000000016,2.5100000000000016
26365,0.0048830509185791016,806,300,1.91,0.01,5.75,3.01,10.68,1.6600000000000001,1.6600000000000001
26366,0.008115291595458984,807,300,1.7,0.06,4.69,2.57,9.02,2.75,2.75
26367,0.006488800048828125,808,300,3.86,0.07,10.97,5.35,20.25,4.98,4.98
26368,0.00454401969909668,809,300,2.17,0.03,5.9,2.94,11.04,3.0600000000000005,3.0600000000000005
26369,0.004576206207275391,810,300,2.06,0.02,5.57,2.66,10.31,3.3499999999999996,3.3499999999999996
26370,0.004108905792236328,811,300,2.18,0.04,5.92,2.92,11.06,2.429999999999998,2.429999999999998
26371,0.004190921783447266,812,300,2.21,0.02,5.96,2.92,11.11,3.1799999999999997,3.1799999999999997
26372,0.0045621395111083984,813,300,2.04,0.02,5.55,2.66,10.27,3.1499999999999986,3.1499999999999986
26373,0.004600048065185547,814,300,2.04,0.02,5.54,2.67,10.27,3.34,3.34
26374,0.004598140716552734,815,300,2.02,0.03,5.5,2.74,10.29,2.9000000000000004,2.9000000000000004
26375,0.0045702457427978516,816,300,2.08,0.02,5.62,2.69,10.41,3.459999999999999,3.459999999999999
26376,0.005589008331298828,817,300,2.08,0.03,5.67,2.78,10.559999999999999,3.200000000000003,3.200000000000003
26377,0.0049779415130615234,818,300,2.06,0.02,5.58,2.67,10.33,3.4000000000000004,3.4000000000000004
26378,0.011684894561767578,819,300,1.89,0.06,5.17,2.77,9.89,3.25,3.25
26379,0.0056912899017333984,820,300,1.98,0.04,5.44,2.75,10.21,3.1599999999999984,3.1599999999999984
26380,0.005708217620849609,821,300,1.99,0.03,5.45,2.65,10.120000000000001,3.0299999999999994,3.0299999999999994
26381,0.005426168441772461,822,300,1.92,0.03,5.23,2.6,9.780000000000001,3.2699999999999996,3.2699999999999996
26382,0.0058438777923583984,823,300,2.01,0.06,5.56,2.94,10.569999999999999,3.1900000000000013,3.1900000000000013
26383,0.005006074905395508,824,300,1.29,0.01,3.67,1.64,6.609999999999999,2.58,2.58
26384,0.004371166229248047,825,300,1.28,0.02,3.66,1.73,6.6899999999999995,2.41,2.41
26385,0.004121065139770508,826,300,1.22,0.02,3.38,1.62,6.24,2.2699999999999996,2.2699999999999996
26386,0.06959700584411621,827,300,32.43,4.29,32.54,28.17,97.42999999999999,1.6000000000000085,1.6000000000000085
26387,0.0005850791931152344,828,300,0.0,0.0,0.0,0.07,0.07,0.0,0.0
26388,0.010367870330810547,829,300,0.24,0.0,0.55,0.3,1.09,5.6899999999999995,5.6899999999999995
26389,0.009372711181640625,830,300,2.47,0.01,6.63,3.19,12.299999999999999,3.700000000000001,3.700000000000001
26390,0.006360769271850586,831,300,2.45,0.01,6.66,3.17,12.290000000000001,3.8299999999999965,3.8299999999999965
26391,0.005775928497314453,832,300,2.53,0.01,6.82,3.26,12.62,3.3500000000000014,3.3500000000000014
26392,0.006888866424560547,833,300,2.6,0.02,7.13,3.23,12.98,2.84,2.84
26393,0.0064792633056640625,834,300,3.17,0.02,8.82,4.65,16.66,2.460000000000001,2.460000000000001
26394,0.007071971893310547,835,300,3.0,0.09,8.31,4.55,15.95,3.3599999999999994,3.3599999999999994
26395,0.006632089614868164,836,300,2.57,0.02,6.92,3.37,12.879999999999999,2.9300000000000015,2.9300000000000015
26396,0.006880760192871094,837,300,2.49,0.02,6.74,3.29,12.54,3.4400000000000013,3.4400000000000013
26397,0.0070421695709228516,838,300,2.17,0.03,5.85,2.87,10.919999999999998,3.66,3.66
26398,0.007331132888793945,839,300,2.22,0.01,5.99,2.85,11.07,4.449999999999999,4.449999999999999
26399,0.007050991058349609,840,300,2.67,0.02,7.18,3.56,13.43,3.6499999999999986,3.6499999999999986
26400,0.006678104400634766,841,300,2.66,0.0,7.17,3.33,13.16,3.2399999999999984,3.2399999999999984
26401,0.005657196044921875,842,300,1.6,0.0,4.35,1.89,7.839999999999999,3.1100000000000003,3.1100000000000003
26402,0.010780096054077148,843,300,0.24,0.0,0.55,0.3,1.09,4.8,4.8
26403,0.006877899169921875,844,300,0.24,0.0,0.54,0.31,1.09,5.53,5.53
26404,0.005697011947631836,845,300,0.24,0.0,0.55,0.3,1.09,4.87,4.87
26405,0.005505084991455078,846,300,0.24,0.0,0.54,0.31,1.09,5.34,5.34
26406,0.0034699440002441406,847,300,0.24,0.0,0.55,0.3,1.09,1.2099999999999997,1.2099999999999997
26407,0.00047206878662109375,848,300,0.0,0.0,0.0,0.07,0.07,0.0,0.0
26408,0.010429143905639648,849,300,0.8,0.05,1.44,1.3,3.59,3.5600000000000005,3.5600000000000005
26409,0.007275819778442383,850,300,0.8,0.06,1.44,1.35,3.65,3.2100000000000004,3.2100000000000004
26410,0.0005319118499755859,851,300,0.0,0.0,0.0,0.07,0.07,0.0,0.0
26411,0.21441912651062012,852,300,59.2,0.08,49.43,47.08,155.79000000000002,1.4599999999999795,1.4599999999999795
