mean_fit_time,std_fit_time,mean_score_time,std_score_time,param_algo__objective,param_algo__max_depth,param_algo__learning_rate,param_algo__gamma,params,split0_test_score,split1_test_score,split2_test_score,split3_test_score,mean_test_score,std_test_score,rank_test_score,dpi,training_score,best_score_cv,testing_score,converting_time
0.209530770778656,0.15118759271511772,0.007845163345336914,0.0004019054525123382,multi:softmax,25,0.1,0.1142857142857143,"{'algo__objective': 'multi:softmax', 'algo__max_depth': 25, 'algo__learning_rate': 0.1, 'algo__gamma': 0.1142857142857143}",1.0,1.0,0.9925902412479594,1.0,0.9981475603119898,0.003208519657590637,1.0,1.0,1.0,0.9981475603119898,1.0,9.124531030654907
0.1576547622680664,0.0069120962459685905,0.00787121057510376,0.0010748402367037324,multi:softmax,60,0.001,0.6040816326530613,"{'algo__objective': 'multi:softmax', 'algo__max_depth': 60, 'algo__learning_rate': 0.001, 'algo__gamma': 0.6040816326530613}",1.0,1.0,0.9925902412479594,1.0,0.9981475603119898,0.003208519657590637,1.0,1.0,1.0,0.9981475603119898,1.0,9.124531030654907
0.2847520709037781,0.04953531027750491,0.008588254451751709,0.00030644506635132984,multi:softprob,25,0.05,0.1469387755102041,"{'algo__objective': 'multi:softprob', 'algo__max_depth': 25, 'algo__learning_rate': 0.05, 'algo__gamma': 0.1469387755102041}",1.0,1.0,0.9925902412479594,1.0,0.9981475603119898,0.003208519657590637,1.0,1.0,1.0,0.9981475603119898,1.0,9.124531030654907
0.2291746735572815,0.04409226299492583,0.008240282535552979,0.0007533882872907643,multi:softprob,50,0.001,0.6040816326530613,"{'algo__objective': 'multi:softprob', 'algo__max_depth': 50, 'algo__learning_rate': 0.001, 'algo__gamma': 0.6040816326530613}",1.0,1.0,0.9925902412479594,1.0,0.9981475603119898,0.003208519657590637,1.0,1.0,1.0,0.9981475603119898,1.0,9.124531030654907
0.17694824934005737,0.009049312445459942,0.007339954376220703,0.0005738537586488182,multi:softprob,50,0.001,0.0816326530612245,"{'algo__objective': 'multi:softprob', 'algo__max_depth': 50, 'algo__learning_rate': 0.001, 'algo__gamma': 0.0816326530612245}",1.0,1.0,0.9925902412479594,0.9930981401569636,0.9964220953512307,0.0035824079664948266,9.0,1.0,1.0,0.9981475603119898,1.0,9.124531030654907
0.4514104723930359,0.3531007271911811,0.0076607465744018555,0.0011709374867418568,multi:softprob,25,0.01,0.2938775510204082,"{'algo__objective': 'multi:softprob', 'algo__max_depth': 25, 'algo__learning_rate': 0.01, 'algo__gamma': 0.2938775510204082}",1.0,1.0,0.9925902412479594,1.0,0.9981475603119898,0.003208519657590637,1.0,1.0,1.0,0.9981475603119898,1.0,9.124531030654907
0.4262849688529968,0.1864992729479847,0.034549713134765625,0.026593078010203768,multi:softmax,60,0.1,0.1959183673469388,"{'algo__objective': 'multi:softmax', 'algo__max_depth': 60, 'algo__learning_rate': 0.1, 'algo__gamma': 0.1959183673469388}",1.0,1.0,0.9925902412479594,1.0,0.9981475603119898,0.003208519657590637,1.0,1.0,1.0,0.9981475603119898,1.0,9.124531030654907
0.46112602949142456,0.20016674655982772,0.024493634700775146,0.02878972957830747,multi:softprob,10,0.01,0.3102040816326531,"{'algo__objective': 'multi:softprob', 'algo__max_depth': 10, 'algo__learning_rate': 0.01, 'algo__gamma': 0.3102040816326531}",1.0,1.0,0.9925902412479594,1.0,0.9981475603119898,0.003208519657590637,1.0,1.0,1.0,0.9981475603119898,1.0,9.124531030654907
0.22470420598983765,0.018082960055573912,0.007973670959472656,0.00010245911875925664,multi:softprob,45,0.05,0.3918367346938776,"{'algo__objective': 'multi:softprob', 'algo__max_depth': 45, 'algo__learning_rate': 0.05, 'algo__gamma': 0.3918367346938776}",1.0,1.0,0.9925902412479594,1.0,0.9981475603119898,0.003208519657590637,1.0,1.0,1.0,0.9981475603119898,1.0,9.124531030654907
0.25198525190353394,0.032015572033269636,0.008351445198059082,0.0006703134535385258,multi:softprob,25,0.001,0.5224489795918368,"{'algo__objective': 'multi:softprob', 'algo__max_depth': 25, 'algo__learning_rate': 0.001, 'algo__gamma': 0.5224489795918368}",1.0,1.0,0.9925902412479594,0.9930981401569636,0.9964220953512307,0.0035824079664948266,9.0,1.0,1.0,0.9981475603119898,1.0,9.124531030654907
0.2037144899368286,0.01067180417850785,0.008450448513031006,0.0003817308685033679,multi:softmax,25,0.001,0.7183673469387756,"{'algo__objective': 'multi:softmax', 'algo__max_depth': 25, 'algo__learning_rate': 0.001, 'algo__gamma': 0.7183673469387756}",1.0,1.0,0.9925902412479594,1.0,0.9981475603119898,0.003208519657590637,1.0,2.0,1.0,0.9981475603119898,1.0,7.2166221141815186
0.2441135048866272,0.04589773239619964,0.007770895957946777,0.0005975252998270204,multi:softmax,55,0.001,0.7673469387755103,"{'algo__objective': 'multi:softmax', 'algo__max_depth': 55, 'algo__learning_rate': 0.001, 'algo__gamma': 0.7673469387755103}",1.0,1.0,0.9925902412479594,1.0,0.9981475603119898,0.003208519657590637,1.0,2.0,1.0,0.9981475603119898,1.0,7.2166221141815186
0.18257033824920654,0.003724518598735757,0.00844794511795044,0.0003062935274640354,multi:softprob,5,0.05,0.34285714285714286,"{'algo__objective': 'multi:softprob', 'algo__max_depth': 5, 'algo__learning_rate': 0.05, 'algo__gamma': 0.34285714285714286}",1.0,1.0,0.9925902412479594,1.0,0.9981475603119898,0.003208519657590637,1.0,2.0,1.0,0.9981475603119898,1.0,7.2166221141815186
0.5192866921424866,0.08191750982157453,0.008667171001434326,0.0004551084188185944,multi:softmax,25,0.001,0.6040816326530613,"{'algo__objective': 'multi:softmax', 'algo__max_depth': 25, 'algo__learning_rate': 0.001, 'algo__gamma': 0.6040816326530613}",1.0,1.0,0.9925902412479594,1.0,0.9981475603119898,0.003208519657590637,1.0,2.0,1.0,0.9981475603119898,1.0,7.2166221141815186
0.3051937222480774,0.10486948234393267,0.008772492408752441,0.0005349499966746117,multi:softprob,55,0.001,0.5224489795918368,"{'algo__objective': 'multi:softprob', 'algo__max_depth': 55, 'algo__learning_rate': 0.001, 'algo__gamma': 0.5224489795918368}",1.0,1.0,0.9925902412479594,0.9930981401569636,0.9964220953512307,0.0035824079664948266,9.0,2.0,1.0,0.9981475603119898,1.0,7.2166221141815186
0.19356924295425415,0.0755635252902436,0.008490502834320068,0.0002175509357273335,multi:softmax,45,0.1,0.6857142857142857,"{'algo__objective': 'multi:softmax', 'algo__max_depth': 45, 'algo__learning_rate': 0.1, 'algo__gamma': 0.6857142857142857}",1.0,1.0,0.9925902412479594,1.0,0.9981475603119898,0.003208519657590637,1.0,2.0,1.0,0.9981475603119898,1.0,7.2166221141815186
0.21808099746704102,0.07487393782700227,0.008124709129333496,0.0005835683632380044,multi:softmax,50,0.1,0.5061224489795919,"{'algo__objective': 'multi:softmax', 'algo__max_depth': 50, 'algo__learning_rate': 0.1, 'algo__gamma': 0.5061224489795919}",1.0,1.0,0.9925902412479594,1.0,0.9981475603119898,0.003208519657590637,1.0,2.0,1.0,0.9981475603119898,1.0,7.2166221141815186
0.18895882368087769,0.013133018528657583,0.008211970329284668,0.00043667420435121093,multi:softmax,5,0.001,0.40816326530612246,"{'algo__objective': 'multi:softmax', 'algo__max_depth': 5, 'algo__learning_rate': 0.001, 'algo__gamma': 0.40816326530612246}",1.0,1.0,0.9925902412479594,0.9930981401569636,0.9964220953512307,0.0035824079664948266,9.0,2.0,1.0,0.9981475603119898,1.0,7.2166221141815186
0.13889861106872559,0.004931453838035126,0.007638156414031982,0.00017292246387056067,multi:softprob,55,0.1,0.40816326530612246,"{'algo__objective': 'multi:softprob', 'algo__max_depth': 55, 'algo__learning_rate': 0.1, 'algo__gamma': 0.40816326530612246}",1.0,1.0,0.9925902412479594,1.0,0.9981475603119898,0.003208519657590637,1.0,2.0,1.0,0.9981475603119898,1.0,7.2166221141815186
0.18513768911361694,0.013557645754617752,0.008296430110931396,0.00048066623531768524,multi:softmax,50,0.05,0.40816326530612246,"{'algo__objective': 'multi:softmax', 'algo__max_depth': 50, 'algo__learning_rate': 0.05, 'algo__gamma': 0.40816326530612246}",1.0,1.0,0.9925902412479594,1.0,0.9981475603119898,0.003208519657590637,1.0,2.0,1.0,0.9981475603119898,1.0,7.2166221141815186
0.8949521780014038,0.6318246984191861,0.008690237998962402,0.0007303295126089647,multi:softmax,50,0.01,0.0,"{'algo__objective': 'multi:softmax', 'algo__max_depth': 50, 'algo__learning_rate': 0.01, 'algo__gamma': 0.0}",1.0,1.0,0.9925902412479594,1.0,0.9981475603119898,0.003208519657590637,1.0,3.0,1.0,0.9981475603119898,1.0,9.191975116729736
0.5285688042640686,0.32671021593264304,0.009014248847961426,0.0011301619642149362,multi:softprob,5,0.1,0.0979591836734694,"{'algo__objective': 'multi:softprob', 'algo__max_depth': 5, 'algo__learning_rate': 0.1, 'algo__gamma': 0.0979591836734694}",1.0,1.0,0.9925902412479594,1.0,0.9981475603119898,0.003208519657590637,1.0,3.0,1.0,0.9981475603119898,1.0,9.191975116729736
0.23341971635818481,0.06852192505852064,0.00825965404510498,0.0003949477525800017,multi:softprob,55,0.1,0.1142857142857143,"{'algo__objective': 'multi:softprob', 'algo__max_depth': 55, 'algo__learning_rate': 0.1, 'algo__gamma': 0.1142857142857143}",1.0,1.0,0.9925902412479594,1.0,0.9981475603119898,0.003208519657590637,1.0,3.0,1.0,0.9981475603119898,1.0,9.191975116729736
0.27622073888778687,0.028282982993843332,0.008466184139251709,0.0006089737541634297,multi:softprob,25,0.05,0.3918367346938776,"{'algo__objective': 'multi:softprob', 'algo__max_depth': 25, 'algo__learning_rate': 0.05, 'algo__gamma': 0.3918367346938776}",1.0,1.0,0.9925902412479594,1.0,0.9981475603119898,0.003208519657590637,1.0,3.0,1.0,0.9981475603119898,1.0,9.191975116729736
0.5809270143508911,0.5212002459893369,0.00948256254196167,0.0011161593138393252,multi:softprob,10,0.01,0.6367346938775511,"{'algo__objective': 'multi:softprob', 'algo__max_depth': 10, 'algo__learning_rate': 0.01, 'algo__gamma': 0.6367346938775511}",1.0,1.0,0.9925902412479594,1.0,0.9981475603119898,0.003208519657590637,1.0,3.0,1.0,0.9981475603119898,1.0,9.191975116729736
0.23872345685958862,0.025840530380709797,0.008207142353057861,0.0006658842766482317,multi:softmax,45,0.01,0.7346938775510204,"{'algo__objective': 'multi:softmax', 'algo__max_depth': 45, 'algo__learning_rate': 0.01, 'algo__gamma': 0.7346938775510204}",1.0,1.0,0.9925902412479594,1.0,0.9981475603119898,0.003208519657590637,1.0,3.0,1.0,0.9981475603119898,1.0,9.191975116729736
0.21124869585037231,0.032017149085262715,0.008248507976531982,0.0007597833294302395,multi:softprob,50,0.01,0.0979591836734694,"{'algo__objective': 'multi:softprob', 'algo__max_depth': 50, 'algo__learning_rate': 0.01, 'algo__gamma': 0.0979591836734694}",1.0,1.0,0.9925902412479594,1.0,0.9981475603119898,0.003208519657590637,1.0,3.0,1.0,0.9981475603119898,1.0,9.191975116729736
0.16697704792022705,0.032612159416841306,0.00863271951675415,0.0003653856075243263,multi:softprob,25,0.1,0.2612244897959184,"{'algo__objective': 'multi:softprob', 'algo__max_depth': 25, 'algo__learning_rate': 0.1, 'algo__gamma': 0.2612244897959184}",1.0,1.0,0.9925902412479594,1.0,0.9981475603119898,0.003208519657590637,1.0,3.0,1.0,0.9981475603119898,1.0,9.191975116729736
0.17208600044250488,0.02219707934199989,0.008289217948913574,0.0005036742021947827,multi:softmax,45,0.1,0.1795918367346939,"{'algo__objective': 'multi:softmax', 'algo__max_depth': 45, 'algo__learning_rate': 0.1, 'algo__gamma': 0.1795918367346939}",1.0,1.0,0.9925902412479594,1.0,0.9981475603119898,0.003208519657590637,1.0,3.0,1.0,0.9981475603119898,1.0,9.191975116729736
0.19394731521606445,0.0035379640658071763,0.00840771198272705,0.0006512549470441567,multi:softprob,10,0.01,0.5877551020408164,"{'algo__objective': 'multi:softprob', 'algo__max_depth': 10, 'algo__learning_rate': 0.01, 'algo__gamma': 0.5877551020408164}",1.0,1.0,0.9925902412479594,1.0,0.9981475603119898,0.003208519657590637,1.0,3.0,1.0,0.9981475603119898,1.0,9.191975116729736
0.24977874755859375,0.05189934282808852,0.008847296237945557,0.00043695557732784806,multi:softmax,25,0.05,0.7020408163265307,"{'algo__objective': 'multi:softmax', 'algo__max_depth': 25, 'algo__learning_rate': 0.05, 'algo__gamma': 0.7020408163265307}",1.0,1.0,0.9925902412479594,1.0,0.9981475603119898,0.003208519657590637,1.0,4.0,1.0,0.9981475603119898,1.0,7.187358856201172
0.15668368339538574,0.014186174826909523,0.007830023765563965,9.151197994150179e-05,multi:softmax,50,0.1,0.1959183673469388,"{'algo__objective': 'multi:softmax', 'algo__max_depth': 50, 'algo__learning_rate': 0.1, 'algo__gamma': 0.1959183673469388}",1.0,1.0,0.9925902412479594,1.0,0.9981475603119898,0.003208519657590637,1.0,4.0,1.0,0.9981475603119898,1.0,7.187358856201172
0.4730459451675415,0.27779752653808953,0.008413076400756836,0.0009195170820806291,multi:softprob,10,0.05,0.0,"{'algo__objective': 'multi:softprob', 'algo__max_depth': 10, 'algo__learning_rate': 0.05, 'algo__gamma': 0.0}",1.0,1.0,0.9925902412479594,1.0,0.9981475603119898,0.003208519657590637,1.0,4.0,1.0,0.9981475603119898,1.0,7.187358856201172
0.2331446409225464,0.029106334416306574,0.008199930191040039,0.0004767755230169959,multi:softmax,55,0.01,0.653061224489796,"{'algo__objective': 'multi:softmax', 'algo__max_depth': 55, 'algo__learning_rate': 0.01, 'algo__gamma': 0.653061224489796}",1.0,1.0,0.9925902412479594,1.0,0.9981475603119898,0.003208519657590637,1.0,4.0,1.0,0.9981475603119898,1.0,7.187358856201172
0.29378432035446167,0.110358076737781,0.008430957794189453,0.0005284157463637434,multi:softmax,60,0.001,0.2938775510204082,"{'algo__objective': 'multi:softmax', 'algo__max_depth': 60, 'algo__learning_rate': 0.001, 'algo__gamma': 0.2938775510204082}",1.0,1.0,0.9925902412479594,0.9930981401569636,0.9964220953512307,0.0035824079664948266,10.0,4.0,1.0,0.9981475603119898,1.0,7.187358856201172
0.21581172943115234,0.07241263149090628,0.008096456527709961,0.0007216138177155659,multi:softprob,60,0.1,0.47346938775510206,"{'algo__objective': 'multi:softprob', 'algo__max_depth': 60, 'algo__learning_rate': 0.1, 'algo__gamma': 0.47346938775510206}",1.0,1.0,0.9925902412479594,1.0,0.9981475603119898,0.003208519657590637,1.0,4.0,1.0,0.9981475603119898,1.0,7.187358856201172
0.7561724185943604,0.23293982519362613,0.008668839931488037,0.0003372300538813531,multi:softmax,55,0.01,0.5061224489795919,"{'algo__objective': 'multi:softmax', 'algo__max_depth': 55, 'algo__learning_rate': 0.01, 'algo__gamma': 0.5061224489795919}",1.0,1.0,0.9925902412479594,1.0,0.9981475603119898,0.003208519657590637,1.0,4.0,1.0,0.9981475603119898,1.0,7.187358856201172
0.2843872904777527,0.08107497551974187,0.008569657802581787,0.0004998325212658614,multi:softprob,60,0.01,0.2285714285714286,"{'algo__objective': 'multi:softprob', 'algo__max_depth': 60, 'algo__learning_rate': 0.01, 'algo__gamma': 0.2285714285714286}",1.0,1.0,0.9925902412479594,1.0,0.9981475603119898,0.003208519657590637,1.0,4.0,1.0,0.9981475603119898,1.0,7.187358856201172
0.3131316900253296,0.12152315503799573,0.008982598781585693,0.00038154949065842043,multi:softprob,45,0.01,0.4571428571428572,"{'algo__objective': 'multi:softprob', 'algo__max_depth': 45, 'algo__learning_rate': 0.01, 'algo__gamma': 0.4571428571428572}",1.0,1.0,0.9925902412479594,1.0,0.9981475603119898,0.003208519657590637,1.0,4.0,1.0,0.9981475603119898,1.0,7.187358856201172
0.24775588512420654,0.035054153971623814,0.008334338665008545,0.0003224293467060465,multi:softprob,10,0.05,0.1795918367346939,"{'algo__objective': 'multi:softprob', 'algo__max_depth': 10, 'algo__learning_rate': 0.05, 'algo__gamma': 0.1795918367346939}",1.0,1.0,0.9925902412479594,1.0,0.9981475603119898,0.003208519657590637,1.0,4.0,1.0,0.9981475603119898,1.0,7.187358856201172
0.1840844750404358,0.01187160495619032,0.008326232433319092,0.0005366481377564302,multi:softmax,55,0.05,0.5551020408163265,"{'algo__objective': 'multi:softmax', 'algo__max_depth': 55, 'algo__learning_rate': 0.05, 'algo__gamma': 0.5551020408163265}",1.0,1.0,0.9925902412479594,1.0,0.9981475603119898,0.003208519657590637,1.0,5.0,1.0,0.9981475603119898,1.0,7.521677732467651
0.21259409189224243,0.03951243626474768,0.008376717567443848,0.0003447203493497085,multi:softprob,55,0.001,0.5551020408163265,"{'algo__objective': 'multi:softprob', 'algo__max_depth': 55, 'algo__learning_rate': 0.001, 'algo__gamma': 0.5551020408163265}",1.0,1.0,0.9925902412479594,0.9930981401569636,0.9964220953512307,0.0035824079664948266,7.0,5.0,1.0,0.9981475603119898,1.0,7.521677732467651
0.2519216537475586,0.0983001425709899,0.008308947086334229,0.0009849228683251477,multi:softprob,45,0.05,0.7183673469387756,"{'algo__objective': 'multi:softprob', 'algo__max_depth': 45, 'algo__learning_rate': 0.05, 'algo__gamma': 0.7183673469387756}",1.0,1.0,0.9925902412479594,1.0,0.9981475603119898,0.003208519657590637,1.0,5.0,1.0,0.9981475603119898,1.0,7.521677732467651
0.3810439109802246,0.1529207618985326,0.01939159631729126,0.01817068087962569,multi:softprob,50,0.001,0.5551020408163265,"{'algo__objective': 'multi:softprob', 'algo__max_depth': 50, 'algo__learning_rate': 0.001, 'algo__gamma': 0.5551020408163265}",1.0,1.0,0.9925902412479594,0.9930981401569636,0.9964220953512307,0.0035824079664948266,7.0,5.0,1.0,0.9981475603119898,1.0,7.521677732467651
0.324030339717865,0.08856486863534348,0.010585248470306396,0.002844884458053739,multi:softmax,5,0.05,0.4244897959183674,"{'algo__objective': 'multi:softmax', 'algo__max_depth': 5, 'algo__learning_rate': 0.05, 'algo__gamma': 0.4244897959183674}",1.0,1.0,0.9925902412479594,1.0,0.9981475603119898,0.003208519657590637,1.0,5.0,1.0,0.9981475603119898,1.0,7.521677732467651
0.19543009996414185,0.00563869207170702,0.008873939514160156,0.0009991081114561853,multi:softmax,10,0.01,0.2938775510204082,"{'algo__objective': 'multi:softmax', 'algo__max_depth': 10, 'algo__learning_rate': 0.01, 'algo__gamma': 0.2938775510204082}",1.0,1.0,0.9925902412479594,1.0,0.9981475603119898,0.003208519657590637,1.0,5.0,1.0,0.9981475603119898,1.0,7.521677732467651
0.18944013118743896,0.0071885760154628406,0.008093774318695068,0.0006174574556126134,multi:softmax,60,0.01,0.7510204081632654,"{'algo__objective': 'multi:softmax', 'algo__max_depth': 60, 'algo__learning_rate': 0.01, 'algo__gamma': 0.7510204081632654}",1.0,1.0,0.9925902412479594,1.0,0.9981475603119898,0.003208519657590637,1.0,5.0,1.0,0.9981475603119898,1.0,7.521677732467651
0.24643313884735107,0.11689775593858028,0.008180856704711914,0.00022479275216494141,multi:softmax,60,0.05,0.5224489795918368,"{'algo__objective': 'multi:softmax', 'algo__max_depth': 60, 'algo__learning_rate': 0.05, 'algo__gamma': 0.5224489795918368}",1.0,1.0,0.9925902412479594,1.0,0.9981475603119898,0.003208519657590637,1.0,5.0,1.0,0.9981475603119898,1.0,7.521677732467651
0.2057781219482422,0.016808315123789858,0.008023560047149658,0.0004240294160641483,multi:softprob,25,0.001,0.5387755102040817,"{'algo__objective': 'multi:softprob', 'algo__max_depth': 25, 'algo__learning_rate': 0.001, 'algo__gamma': 0.5387755102040817}",1.0,1.0,0.9925902412479594,0.9930981401569636,0.9964220953512307,0.0035824079664948266,7.0,5.0,1.0,0.9981475603119898,1.0,7.521677732467651
0.20434272289276123,0.023251583220039552,0.008282899856567383,0.0003146649725708943,multi:softmax,55,0.001,0.3591836734693878,"{'algo__objective': 'multi:softmax', 'algo__max_depth': 55, 'algo__learning_rate': 0.001, 'algo__gamma': 0.3591836734693878}",1.0,1.0,0.9925902412479594,0.9930981401569636,0.9964220953512307,0.0035824079664948266,7.0,5.0,1.0,0.9981475603119898,1.0,7.521677732467651
0.21103018522262573,0.006068140605776029,0.00765836238861084,0.00042948281377571464,multi:softmax,10,0.05,0.1795918367346939,"{'algo__objective': 'multi:softmax', 'algo__max_depth': 10, 'algo__learning_rate': 0.05, 'algo__gamma': 0.1795918367346939}",1.0,1.0,0.9925902412479594,1.0,0.9981475603119898,0.003208519657590637,1.0,6.0,1.0,0.9981475603119898,1.0,7.639638185501099
0.22565197944641113,0.020144223038141208,0.008204102516174316,0.0003557642021089641,multi:softmax,55,0.001,0.0979591836734694,"{'algo__objective': 'multi:softmax', 'algo__max_depth': 55, 'algo__learning_rate': 0.001, 'algo__gamma': 0.0979591836734694}",1.0,1.0,0.9925902412479594,0.9930981401569636,0.9964220953512307,0.0035824079664948266,9.0,6.0,1.0,0.9981475603119898,1.0,7.639638185501099
0.19543534517288208,0.007659533675790042,0.007895350456237793,0.00034343476339232883,multi:softprob,10,0.1,0.163265306122449,"{'algo__objective': 'multi:softprob', 'algo__max_depth': 10, 'algo__learning_rate': 0.1, 'algo__gamma': 0.163265306122449}",1.0,1.0,0.9925902412479594,1.0,0.9981475603119898,0.003208519657590637,1.0,6.0,1.0,0.9981475603119898,1.0,7.639638185501099
0.21593821048736572,0.011496592438721661,0.008089303970336914,0.0003484901662341819,multi:softmax,5,0.001,0.0489795918367347,"{'algo__objective': 'multi:softmax', 'algo__max_depth': 5, 'algo__learning_rate': 0.001, 'algo__gamma': 0.0489795918367347}",1.0,1.0,0.9925902412479594,0.9930981401569636,0.9964220953512307,0.0035824079664948266,9.0,6.0,1.0,0.9981475603119898,1.0,7.639638185501099
0.2161707878112793,0.008914420345676499,0.007939279079437256,0.00047661091608018836,multi:softmax,45,0.01,0.4408163265306123,"{'algo__objective': 'multi:softmax', 'algo__max_depth': 45, 'algo__learning_rate': 0.01, 'algo__gamma': 0.4408163265306123}",1.0,1.0,0.9925902412479594,1.0,0.9981475603119898,0.003208519657590637,1.0,6.0,1.0,0.9981475603119898,1.0,7.639638185501099
0.20938986539840698,0.05269333691952995,0.007853388786315918,0.0010724018194021637,multi:softprob,25,0.1,0.1959183673469388,"{'algo__objective': 'multi:softprob', 'algo__max_depth': 25, 'algo__learning_rate': 0.1, 'algo__gamma': 0.1959183673469388}",1.0,1.0,0.9925902412479594,1.0,0.9981475603119898,0.003208519657590637,1.0,6.0,1.0,0.9981475603119898,1.0,7.639638185501099
0.1891443133354187,0.006721432776882249,0.008324384689331055,0.0004419023565028746,multi:softmax,25,0.05,0.1142857142857143,"{'algo__objective': 'multi:softmax', 'algo__max_depth': 25, 'algo__learning_rate': 0.05, 'algo__gamma': 0.1142857142857143}",1.0,1.0,0.9925902412479594,1.0,0.9981475603119898,0.003208519657590637,1.0,6.0,1.0,0.9981475603119898,1.0,7.639638185501099
0.20220565795898438,0.004086280221648781,0.008118271827697754,0.0008994742991849031,multi:softmax,45,0.01,0.2612244897959184,"{'algo__objective': 'multi:softmax', 'algo__max_depth': 45, 'algo__learning_rate': 0.01, 'algo__gamma': 0.2612244897959184}",1.0,1.0,0.9925902412479594,1.0,0.9981475603119898,0.003208519657590637,1.0,6.0,1.0,0.9981475603119898,1.0,7.639638185501099
0.20115667581558228,0.00792352766907844,0.008665144443511963,0.0011353839241416417,multi:softprob,5,0.01,0.5551020408163265,"{'algo__objective': 'multi:softprob', 'algo__max_depth': 5, 'algo__learning_rate': 0.01, 'algo__gamma': 0.5551020408163265}",1.0,1.0,0.9925902412479594,1.0,0.9981475603119898,0.003208519657590637,1.0,6.0,1.0,0.9981475603119898,1.0,7.639638185501099
0.19905215501785278,0.00814916373339431,0.008059382438659668,0.00039799968663412896,multi:softprob,5,0.01,0.4244897959183674,"{'algo__objective': 'multi:softprob', 'algo__max_depth': 5, 'algo__learning_rate': 0.01, 'algo__gamma': 0.4244897959183674}",1.0,1.0,0.9925902412479594,1.0,0.9981475603119898,0.003208519657590637,1.0,6.0,1.0,0.9981475603119898,1.0,7.639638185501099
0.14964967966079712,0.004031808419952087,0.007566392421722412,0.0007345042889898785,multi:softmax,55,0.1,0.2448979591836735,"{'algo__objective': 'multi:softmax', 'algo__max_depth': 55, 'algo__learning_rate': 0.1, 'algo__gamma': 0.2448979591836735}",1.0,1.0,0.9925902412479594,1.0,0.9981475603119898,0.003208519657590637,1.0,7.0,1.0,0.9981475603119898,1.0,8.131164073944092
0.1862882375717163,0.02024639375262785,0.007802426815032959,0.0006039885767891187,multi:softprob,10,0.001,0.5061224489795919,"{'algo__objective': 'multi:softprob', 'algo__max_depth': 10, 'algo__learning_rate': 0.001, 'algo__gamma': 0.5061224489795919}",1.0,1.0,0.9925902412479594,0.9930981401569636,0.9964220953512307,0.0035824079664948266,7.0,7.0,1.0,0.9981475603119898,1.0,8.131164073944092
0.1803150773048401,0.005237299329268778,0.008078038692474365,0.0004817887755179175,multi:softmax,25,0.001,0.8,"{'algo__objective': 'multi:softmax', 'algo__max_depth': 25, 'algo__learning_rate': 0.001, 'algo__gamma': 0.8}",1.0,1.0,0.9925902412479594,1.0,0.9981475603119898,0.003208519657590637,1.0,7.0,1.0,0.9981475603119898,1.0,8.131164073944092
0.23622721433639526,0.09101254450238197,0.00788050889968872,0.0007233068095111096,multi:softmax,50,0.001,0.0,"{'algo__objective': 'multi:softmax', 'algo__max_depth': 50, 'algo__learning_rate': 0.001, 'algo__gamma': 0.0}",1.0,1.0,0.9925902412479594,0.9930981401569636,0.9964220953512307,0.0035824079664948266,7.0,7.0,1.0,0.9981475603119898,1.0,8.131164073944092
0.24364501237869263,0.10601037357484189,0.007662057876586914,0.0003164021604527871,multi:softmax,10,0.01,0.5387755102040817,"{'algo__objective': 'multi:softmax', 'algo__max_depth': 10, 'algo__learning_rate': 0.01, 'algo__gamma': 0.5387755102040817}",1.0,1.0,0.9925902412479594,1.0,0.9981475603119898,0.003208519657590637,1.0,7.0,1.0,0.9981475603119898,1.0,8.131164073944092
0.448739230632782,0.02550664641025815,0.008572280406951904,0.00028445776400472743,multi:softprob,50,0.001,0.2285714285714286,"{'algo__objective': 'multi:softprob', 'algo__max_depth': 50, 'algo__learning_rate': 0.001, 'algo__gamma': 0.2285714285714286}",1.0,1.0,0.9925902412479594,0.9930981401569636,0.9964220953512307,0.0035824079664948266,7.0,7.0,1.0,0.9981475603119898,1.0,8.131164073944092
0.23131990432739258,0.08917360944637104,0.008329808712005615,0.0008182330662558295,multi:softmax,25,0.05,0.7346938775510204,"{'algo__objective': 'multi:softmax', 'algo__max_depth': 25, 'algo__learning_rate': 0.05, 'algo__gamma': 0.7346938775510204}",1.0,1.0,0.9925902412479594,1.0,0.9981475603119898,0.003208519657590637,1.0,7.0,1.0,0.9981475603119898,1.0,8.131164073944092
0.2577055096626282,0.12453489320496701,0.007784485816955566,0.00039661826395067057,multi:softprob,45,0.001,0.7510204081632654,"{'algo__objective': 'multi:softprob', 'algo__max_depth': 45, 'algo__learning_rate': 0.001, 'algo__gamma': 0.7510204081632654}",1.0,1.0,0.9925902412479594,1.0,0.9981475603119898,0.003208519657590637,1.0,7.0,1.0,0.9981475603119898,1.0,8.131164073944092
0.19172459840774536,0.06410558661287345,0.007474303245544434,0.00025663999248157123,multi:softprob,25,0.1,0.0653061224489796,"{'algo__objective': 'multi:softprob', 'algo__max_depth': 25, 'algo__learning_rate': 0.1, 'algo__gamma': 0.0653061224489796}",1.0,1.0,0.9925902412479594,1.0,0.9981475603119898,0.003208519657590637,1.0,7.0,1.0,0.9981475603119898,1.0,8.131164073944092
0.17900758981704712,0.009393959397682042,0.007753193378448486,0.0002907319488076513,multi:softmax,50,0.001,0.5877551020408164,"{'algo__objective': 'multi:softmax', 'algo__max_depth': 50, 'algo__learning_rate': 0.001, 'algo__gamma': 0.5877551020408164}",1.0,1.0,0.9925902412479594,0.9930981401569636,0.9964220953512307,0.0035824079664948266,7.0,7.0,1.0,0.9981475603119898,1.0,8.131164073944092
0.13162881135940552,0.004785602195099275,0.0074228644371032715,0.0004902095982387219,multi:softmax,60,0.1,0.7020408163265307,"{'algo__objective': 'multi:softmax', 'algo__max_depth': 60, 'algo__learning_rate': 0.1, 'algo__gamma': 0.7020408163265307}",1.0,1.0,0.9925902412479594,1.0,0.9981475603119898,0.003208519657590637,1.0,8.0,1.0,0.9981475603119898,1.0,8.734004974365234
0.14102530479431152,0.005300948168049833,0.0077190399169921875,0.00035387373480458913,multi:softmax,25,0.1,0.5061224489795919,"{'algo__objective': 'multi:softmax', 'algo__max_depth': 25, 'algo__learning_rate': 0.1, 'algo__gamma': 0.5061224489795919}",1.0,1.0,0.9925902412479594,1.0,0.9981475603119898,0.003208519657590637,1.0,8.0,1.0,0.9981475603119898,1.0,8.734004974365234
0.17903286218643188,0.03576818655789514,0.007549762725830078,0.0009471100407156677,multi:softprob,50,0.1,0.2285714285714286,"{'algo__objective': 'multi:softprob', 'algo__max_depth': 50, 'algo__learning_rate': 0.1, 'algo__gamma': 0.2285714285714286}",1.0,1.0,0.9925902412479594,1.0,0.9981475603119898,0.003208519657590637,1.0,8.0,1.0,0.9981475603119898,1.0,8.734004974365234
0.3360220789909363,0.13782336292684444,0.00905454158782959,0.0029936350163212227,multi:softprob,10,0.01,0.7836734693877552,"{'algo__objective': 'multi:softprob', 'algo__max_depth': 10, 'algo__learning_rate': 0.01, 'algo__gamma': 0.7836734693877552}",1.0,1.0,0.9925902412479594,1.0,0.9981475603119898,0.003208519657590637,1.0,8.0,1.0,0.9981475603119898,1.0,8.734004974365234
0.2077149748802185,0.04477499567420357,0.007924675941467285,7.572830520660721e-05,multi:softprob,10,0.1,0.1795918367346939,"{'algo__objective': 'multi:softprob', 'algo__max_depth': 10, 'algo__learning_rate': 0.1, 'algo__gamma': 0.1795918367346939}",1.0,1.0,0.9925902412479594,1.0,0.9981475603119898,0.003208519657590637,1.0,8.0,1.0,0.9981475603119898,1.0,8.734004974365234
0.15237855911254883,0.010864081334595026,0.00805133581161499,0.0010155856492329958,multi:softmax,60,0.1,0.6693877551020408,"{'algo__objective': 'multi:softmax', 'algo__max_depth': 60, 'algo__learning_rate': 0.1, 'algo__gamma': 0.6693877551020408}",1.0,1.0,0.9925902412479594,1.0,0.9981475603119898,0.003208519657590637,1.0,8.0,1.0,0.9981475603119898,1.0,8.734004974365234
0.2321510910987854,0.03874706417548366,0.0077967047691345215,0.0002493042985234269,multi:softprob,55,0.01,0.1795918367346939,"{'algo__objective': 'multi:softprob', 'algo__max_depth': 55, 'algo__learning_rate': 0.01, 'algo__gamma': 0.1795918367346939}",1.0,1.0,0.9925902412479594,1.0,0.9981475603119898,0.003208519657590637,1.0,8.0,1.0,0.9981475603119898,1.0,8.734004974365234
0.14668691158294678,0.013133998425212012,0.007696390151977539,0.0005772518043748551,multi:softprob,50,0.1,0.7836734693877552,"{'algo__objective': 'multi:softprob', 'algo__max_depth': 50, 'algo__learning_rate': 0.1, 'algo__gamma': 0.7836734693877552}",1.0,1.0,0.9925902412479594,1.0,0.9981475603119898,0.003208519657590637,1.0,8.0,1.0,0.9981475603119898,1.0,8.734004974365234
0.16161978244781494,0.013530028274617533,0.0076247453689575195,0.0006297055007073589,multi:softprob,25,0.1,0.27755102040816326,"{'algo__objective': 'multi:softprob', 'algo__max_depth': 25, 'algo__learning_rate': 0.1, 'algo__gamma': 0.27755102040816326}",1.0,1.0,0.9925902412479594,1.0,0.9981475603119898,0.003208519657590637,1.0,8.0,1.0,0.9981475603119898,1.0,8.734004974365234
0.20975857973098755,0.024174825291541937,0.008066415786743164,0.0003826474472270309,multi:softmax,25,0.001,0.489795918367347,"{'algo__objective': 'multi:softmax', 'algo__max_depth': 25, 'algo__learning_rate': 0.001, 'algo__gamma': 0.489795918367347}",1.0,1.0,0.9925902412479594,0.9930981401569636,0.9964220953512307,0.0035824079664948266,10.0,8.0,1.0,0.9981475603119898,1.0,8.734004974365234
0.14326924085617065,0.012587668571729355,0.007497251033782959,0.00030196418384057834,multi:softprob,25,0.1,0.5061224489795919,"{'algo__objective': 'multi:softprob', 'algo__max_depth': 25, 'algo__learning_rate': 0.1, 'algo__gamma': 0.5061224489795919}",1.0,1.0,0.9925902412479594,1.0,0.9981475603119898,0.003208519657590637,1.0,9.0,1.0,0.9981475603119898,1.0,7.832357168197632
0.17806822061538696,0.014993705936229559,0.0073705315589904785,0.0005180958161561848,multi:softmax,45,0.05,0.5387755102040817,"{'algo__objective': 'multi:softmax', 'algo__max_depth': 45, 'algo__learning_rate': 0.05, 'algo__gamma': 0.5387755102040817}",1.0,1.0,0.9925902412479594,1.0,0.9981475603119898,0.003208519657590637,1.0,9.0,1.0,0.9981475603119898,1.0,7.832357168197632
0.13523852825164795,0.01108199110543394,0.007738769054412842,0.00024225781950695663,multi:softprob,10,0.1,0.7510204081632654,"{'algo__objective': 'multi:softprob', 'algo__max_depth': 10, 'algo__learning_rate': 0.1, 'algo__gamma': 0.7510204081632654}",1.0,1.0,0.9925902412479594,1.0,0.9981475603119898,0.003208519657590637,1.0,9.0,1.0,0.9981475603119898,1.0,7.832357168197632
0.154913067817688,0.005229559632969831,0.007845044136047363,0.0006773146317215509,multi:softmax,25,0.05,0.34285714285714286,"{'algo__objective': 'multi:softmax', 'algo__max_depth': 25, 'algo__learning_rate': 0.05, 'algo__gamma': 0.34285714285714286}",1.0,1.0,0.9925902412479594,1.0,0.9981475603119898,0.003208519657590637,1.0,9.0,1.0,0.9981475603119898,1.0,7.832357168197632
0.16401243209838867,0.008694611835377867,0.007483541965484619,0.0003639379124277806,multi:softmax,55,0.001,0.0653061224489796,"{'algo__objective': 'multi:softmax', 'algo__max_depth': 55, 'algo__learning_rate': 0.001, 'algo__gamma': 0.0653061224489796}",1.0,1.0,0.9925902412479594,0.9930981401569636,0.9964220953512307,0.0035824079664948266,9.0,9.0,1.0,0.9981475603119898,1.0,7.832357168197632
0.15694522857666016,0.0135193094547914,0.007002294063568115,0.0003525660386358332,multi:softprob,10,0.05,0.7510204081632654,"{'algo__objective': 'multi:softprob', 'algo__max_depth': 10, 'algo__learning_rate': 0.05, 'algo__gamma': 0.7510204081632654}",1.0,1.0,0.9925902412479594,1.0,0.9981475603119898,0.003208519657590637,1.0,9.0,1.0,0.9981475603119898,1.0,7.832357168197632
0.12177896499633789,0.002193803985574153,0.0074217915534973145,0.0004477606087290892,multi:softprob,25,0.1,0.4571428571428572,"{'algo__objective': 'multi:softprob', 'algo__max_depth': 25, 'algo__learning_rate': 0.1, 'algo__gamma': 0.4571428571428572}",1.0,1.0,0.9925902412479594,1.0,0.9981475603119898,0.003208519657590637,1.0,9.0,1.0,0.9981475603119898,1.0,7.832357168197632
0.18547815084457397,0.022319875909139513,0.05085200071334839,0.07458286933398371,multi:softprob,45,0.001,0.0489795918367347,"{'algo__objective': 'multi:softprob', 'algo__max_depth': 45, 'algo__learning_rate': 0.001, 'algo__gamma': 0.0489795918367347}",1.0,1.0,0.9925902412479594,0.9930981401569636,0.9964220953512307,0.0035824079664948266,9.0,9.0,1.0,0.9981475603119898,1.0,7.832357168197632
0.31722497940063477,0.1557936503235974,0.007953524589538574,0.0009638087131673214,multi:softprob,5,0.01,0.6693877551020408,"{'algo__objective': 'multi:softprob', 'algo__max_depth': 5, 'algo__learning_rate': 0.01, 'algo__gamma': 0.6693877551020408}",1.0,1.0,0.9925902412479594,1.0,0.9981475603119898,0.003208519657590637,1.0,9.0,1.0,0.9981475603119898,1.0,7.832357168197632
0.1261884570121765,0.0050411459704226445,0.0070490241050720215,0.00028122289409399456,multi:softmax,55,0.1,0.7836734693877552,"{'algo__objective': 'multi:softmax', 'algo__max_depth': 55, 'algo__learning_rate': 0.1, 'algo__gamma': 0.7836734693877552}",1.0,1.0,0.9925902412479594,1.0,0.9981475603119898,0.003208519657590637,1.0,9.0,1.0,0.9981475603119898,1.0,7.832357168197632
0.1920800805091858,0.014391767177438359,0.008392572402954102,0.0009167864797306643,multi:softmax,45,0.01,0.7510204081632654,"{'algo__objective': 'multi:softmax', 'algo__max_depth': 45, 'algo__learning_rate': 0.01, 'algo__gamma': 0.7510204081632654}",1.0,1.0,0.9925902412479594,1.0,0.9981475603119898,0.003208519657590637,1.0,10.0,1.0,0.9981475603119898,1.0,9.134181022644045
0.19456589221954346,0.009238570911220685,0.008249044418334961,0.0008615155148190605,multi:softprob,25,0.1,0.0979591836734694,"{'algo__objective': 'multi:softprob', 'algo__max_depth': 25, 'algo__learning_rate': 0.1, 'algo__gamma': 0.0979591836734694}",1.0,1.0,0.9925902412479594,1.0,0.9981475603119898,0.003208519657590637,1.0,10.0,1.0,0.9981475603119898,1.0,9.134181022644045
0.20161104202270508,0.006602499626846343,0.0077454447746276855,0.0005146930171721436,multi:softprob,25,0.01,0.1959183673469388,"{'algo__objective': 'multi:softprob', 'algo__max_depth': 25, 'algo__learning_rate': 0.01, 'algo__gamma': 0.1959183673469388}",1.0,1.0,0.9925902412479594,1.0,0.9981475603119898,0.003208519657590637,1.0,10.0,1.0,0.9981475603119898,1.0,9.134181022644045
0.16051077842712402,0.008872696564574883,0.007696747779846191,0.0004437824990098938,multi:softmax,10,0.1,0.2122448979591837,"{'algo__objective': 'multi:softmax', 'algo__max_depth': 10, 'algo__learning_rate': 0.1, 'algo__gamma': 0.2122448979591837}",1.0,1.0,0.9925902412479594,1.0,0.9981475603119898,0.003208519657590637,1.0,10.0,1.0,0.9981475603119898,1.0,9.134181022644045
0.15289992094039917,0.0030781405527544135,0.007378518581390381,0.00035580026525162945,multi:softprob,10,0.1,0.1469387755102041,"{'algo__objective': 'multi:softprob', 'algo__max_depth': 10, 'algo__learning_rate': 0.1, 'algo__gamma': 0.1469387755102041}",1.0,1.0,0.9925902412479594,1.0,0.9981475603119898,0.003208519657590637,1.0,10.0,1.0,0.9981475603119898,1.0,9.134181022644045
0.20197731256484985,0.002801553729897949,0.007737636566162109,0.0002709631084920946,multi:softmax,10,0.01,0.653061224489796,"{'algo__objective': 'multi:softmax', 'algo__max_depth': 10, 'algo__learning_rate': 0.01, 'algo__gamma': 0.653061224489796}",1.0,1.0,0.9925902412479594,1.0,0.9981475603119898,0.003208519657590637,1.0,10.0,1.0,0.9981475603119898,1.0,9.134181022644045
0.18026208877563477,0.008663939051434954,0.007339954376220703,0.0003978357101644034,multi:softmax,10,0.05,0.7020408163265307,"{'algo__objective': 'multi:softmax', 'algo__max_depth': 10, 'algo__learning_rate': 0.05, 'algo__gamma': 0.7020408163265307}",1.0,1.0,0.9925902412479594,1.0,0.9981475603119898,0.003208519657590637,1.0,10.0,1.0,0.9981475603119898,1.0,9.134181022644045
0.22017914056777954,0.0376733551903009,0.0077478885650634766,0.0011039310204695673,multi:softprob,50,0.01,0.0653061224489796,"{'algo__objective': 'multi:softprob', 'algo__max_depth': 50, 'algo__learning_rate': 0.01, 'algo__gamma': 0.0653061224489796}",1.0,1.0,0.9925902412479594,1.0,0.9981475603119898,0.003208519657590637,1.0,10.0,1.0,0.9981475603119898,1.0,9.134181022644045
0.22940456867218018,0.09469388335445979,0.00775301456451416,0.000981953749522225,multi:softmax,45,0.05,0.34285714285714286,"{'algo__objective': 'multi:softmax', 'algo__max_depth': 45, 'algo__learning_rate': 0.05, 'algo__gamma': 0.34285714285714286}",1.0,1.0,0.9925902412479594,1.0,0.9981475603119898,0.003208519657590637,1.0,10.0,1.0,0.9981475603119898,1.0,9.134181022644045
0.1816638708114624,0.0060815357612979005,0.00741046667098999,0.00014557620314201885,multi:softmax,60,0.05,0.7836734693877552,"{'algo__objective': 'multi:softmax', 'algo__max_depth': 60, 'algo__learning_rate': 0.05, 'algo__gamma': 0.7836734693877552}",1.0,1.0,0.9925902412479594,1.0,0.9981475603119898,0.003208519657590637,1.0,10.0,1.0,0.9981475603119898,1.0,9.134181022644045
0.42898207902908325,0.0217283535359256,0.007859766483306885,0.00029797741418669796,multi:softmax,55,0.01,0.6204081632653062,"{'algo__objective': 'multi:softmax', 'algo__max_depth': 55, 'algo__learning_rate': 0.01, 'algo__gamma': 0.6204081632653062}",1.0,1.0,0.9925902412479594,1.0,0.9981475603119898,0.003208519657590637,1.0,20.0,1.0,0.9981475603119898,1.0,10.254706144332886
0.32747238874435425,0.15084482454903275,0.007741391658782959,0.0002873293261335565,multi:softprob,60,0.01,0.0489795918367347,"{'algo__objective': 'multi:softprob', 'algo__max_depth': 60, 'algo__learning_rate': 0.01, 'algo__gamma': 0.0489795918367347}",1.0,1.0,0.9925902412479594,1.0,0.9981475603119898,0.003208519657590637,1.0,20.0,1.0,0.9981475603119898,1.0,10.254706144332886
0.16621029376983643,0.011088847299591975,0.0073822736740112305,0.00041259740388354825,multi:softmax,45,0.01,0.7020408163265307,"{'algo__objective': 'multi:softmax', 'algo__max_depth': 45, 'algo__learning_rate': 0.01, 'algo__gamma': 0.7020408163265307}",1.0,1.0,0.9925902412479594,1.0,0.9981475603119898,0.003208519657590637,1.0,20.0,1.0,0.9981475603119898,1.0,10.254706144332886
0.2996622920036316,0.12178129804080538,0.008001565933227539,0.0005765931153960716,multi:softmax,60,0.01,0.1469387755102041,"{'algo__objective': 'multi:softmax', 'algo__max_depth': 60, 'algo__learning_rate': 0.01, 'algo__gamma': 0.1469387755102041}",1.0,1.0,0.9925902412479594,1.0,0.9981475603119898,0.003208519657590637,1.0,20.0,1.0,0.9981475603119898,1.0,10.254706144332886
0.15481042861938477,0.007530509085487934,0.007915258407592773,0.0005745740103110556,multi:softprob,60,0.05,0.7020408163265307,"{'algo__objective': 'multi:softprob', 'algo__max_depth': 60, 'algo__learning_rate': 0.05, 'algo__gamma': 0.7020408163265307}",1.0,1.0,0.9925902412479594,1.0,0.9981475603119898,0.003208519657590637,1.0,20.0,1.0,0.9981475603119898,1.0,10.254706144332886
0.12444120645523071,0.008711295195845818,0.007169365882873535,0.0007356013485569946,multi:softmax,10,0.1,0.5387755102040817,"{'algo__objective': 'multi:softmax', 'algo__max_depth': 10, 'algo__learning_rate': 0.1, 'algo__gamma': 0.5387755102040817}",1.0,1.0,0.9925902412479594,1.0,0.9981475603119898,0.003208519657590637,1.0,20.0,1.0,0.9981475603119898,1.0,10.254706144332886
0.16250532865524292,0.0045963302016452535,0.007805466651916504,0.0004281519920792137,multi:softmax,45,0.01,0.40816326530612246,"{'algo__objective': 'multi:softmax', 'algo__max_depth': 45, 'algo__learning_rate': 0.01, 'algo__gamma': 0.40816326530612246}",1.0,1.0,0.9925902412479594,1.0,0.9981475603119898,0.003208519657590637,1.0,20.0,1.0,0.9981475603119898,1.0,10.254706144332886
0.16928404569625854,0.016079156934943988,0.008131265640258789,0.001413210747481068,multi:softmax,5,0.001,0.6693877551020408,"{'algo__objective': 'multi:softmax', 'algo__max_depth': 5, 'algo__learning_rate': 0.001, 'algo__gamma': 0.6693877551020408}",1.0,1.0,0.9925902412479594,1.0,0.9981475603119898,0.003208519657590637,1.0,20.0,1.0,0.9981475603119898,1.0,10.254706144332886
0.5062428712844849,0.5395365158901503,0.007651031017303467,0.0006288660832857457,multi:softmax,10,0.001,0.34285714285714286,"{'algo__objective': 'multi:softmax', 'algo__max_depth': 10, 'algo__learning_rate': 0.001, 'algo__gamma': 0.34285714285714286}",1.0,1.0,0.9925902412479594,0.9930981401569636,0.9964220953512307,0.0035824079664948266,10.0,20.0,1.0,0.9981475603119898,1.0,10.254706144332886
0.18241119384765625,0.04500290856451869,0.007220089435577393,0.0004004035921720445,multi:softprob,10,0.05,0.0489795918367347,"{'algo__objective': 'multi:softprob', 'algo__max_depth': 10, 'algo__learning_rate': 0.05, 'algo__gamma': 0.0489795918367347}",1.0,1.0,0.9925902412479594,1.0,0.9981475603119898,0.003208519657590637,1.0,20.0,1.0,0.9981475603119898,1.0,10.254706144332886
0.1625351905822754,0.0025718561177454683,0.008182764053344727,0.0008202105744926923,multi:softprob,60,0.001,0.7510204081632654,"{'algo__objective': 'multi:softprob', 'algo__max_depth': 60, 'algo__learning_rate': 0.001, 'algo__gamma': 0.7510204081632654}",1.0,1.0,0.9925902412479594,1.0,0.9981475603119898,0.003208519657590637,1.0,30.0,1.0,0.9981475603119898,1.0,12.581692218780518
0.1811637282371521,0.017600657721083855,0.007384777069091797,0.00027862824759378315,multi:softmax,60,0.05,0.5551020408163265,"{'algo__objective': 'multi:softmax', 'algo__max_depth': 60, 'algo__learning_rate': 0.05, 'algo__gamma': 0.5551020408163265}",1.0,1.0,0.9925902412479594,1.0,0.9981475603119898,0.003208519657590637,1.0,30.0,1.0,0.9981475603119898,1.0,12.581692218780518
0.20423632860183716,0.014077495705092223,0.007772982120513916,0.0004233099001898148,multi:softmax,10,0.001,0.2285714285714286,"{'algo__objective': 'multi:softmax', 'algo__max_depth': 10, 'algo__learning_rate': 0.001, 'algo__gamma': 0.2285714285714286}",1.0,1.0,0.9925902412479594,0.9930981401569636,0.9964220953512307,0.0035824079664948266,9.0,30.0,1.0,0.9981475603119898,1.0,12.581692218780518
0.15915071964263916,0.009822630976128082,0.008149981498718262,0.0005112675188609974,multi:softprob,55,0.1,0.326530612244898,"{'algo__objective': 'multi:softprob', 'algo__max_depth': 55, 'algo__learning_rate': 0.1, 'algo__gamma': 0.326530612244898}",1.0,1.0,0.9925902412479594,1.0,0.9981475603119898,0.003208519657590637,1.0,30.0,1.0,0.9981475603119898,1.0,12.581692218780518
0.17124158143997192,0.0005821744627240315,0.007406115531921387,0.0003700980020145006,multi:softmax,50,0.05,0.653061224489796,"{'algo__objective': 'multi:softmax', 'algo__max_depth': 50, 'algo__learning_rate': 0.05, 'algo__gamma': 0.653061224489796}",1.0,1.0,0.9925902412479594,1.0,0.9981475603119898,0.003208519657590637,1.0,30.0,1.0,0.9981475603119898,1.0,12.581692218780518
0.1930064558982849,0.011800806524822637,0.007308244705200195,0.00023357130927575156,multi:softprob,25,0.01,0.5224489795918368,"{'algo__objective': 'multi:softprob', 'algo__max_depth': 25, 'algo__learning_rate': 0.01, 'algo__gamma': 0.5224489795918368}",1.0,1.0,0.9925902412479594,1.0,0.9981475603119898,0.003208519657590637,1.0,30.0,1.0,0.9981475603119898,1.0,12.581692218780518
0.19584548473358154,0.01999054795093803,0.007483303546905518,0.00033929210424764214,multi:softmax,60,0.001,0.2448979591836735,"{'algo__objective': 'multi:softmax', 'algo__max_depth': 60, 'algo__learning_rate': 0.001, 'algo__gamma': 0.2448979591836735}",1.0,1.0,0.9925902412479594,0.9930981401569636,0.9964220953512307,0.0035824079664948266,9.0,30.0,1.0,0.9981475603119898,1.0,12.581692218780518
0.17086821794509888,0.011516765117923895,0.007774293422698975,0.0007804462461569253,multi:softmax,55,0.1,0.0326530612244898,"{'algo__objective': 'multi:softmax', 'algo__max_depth': 55, 'algo__learning_rate': 0.1, 'algo__gamma': 0.0326530612244898}",1.0,1.0,0.9925902412479594,1.0,0.9981475603119898,0.003208519657590637,1.0,30.0,1.0,0.9981475603119898,1.0,12.581692218780518
0.38031190633773804,0.319276413505384,0.007968664169311523,0.0006230094398943796,multi:softprob,10,0.05,0.0,"{'algo__objective': 'multi:softprob', 'algo__max_depth': 10, 'algo__learning_rate': 0.05, 'algo__gamma': 0.0}",1.0,1.0,0.9925902412479594,1.0,0.9981475603119898,0.003208519657590637,1.0,30.0,1.0,0.9981475603119898,1.0,12.581692218780518
0.15048986673355103,0.0028266073456232354,0.008732914924621582,0.0004791131686297122,multi:softmax,25,0.1,0.3918367346938776,"{'algo__objective': 'multi:softmax', 'algo__max_depth': 25, 'algo__learning_rate': 0.1, 'algo__gamma': 0.3918367346938776}",1.0,1.0,0.9925902412479594,1.0,0.9981475603119898,0.003208519657590637,1.0,30.0,1.0,0.9981475603119898,1.0,12.581692218780518
0.21889305114746094,0.017540249419691116,0.009287118911743164,0.0011700930111763043,multi:softprob,55,0.05,0.34285714285714286,"{'algo__objective': 'multi:softprob', 'algo__max_depth': 55, 'algo__learning_rate': 0.05, 'algo__gamma': 0.34285714285714286}",1.0,1.0,0.9925902412479594,1.0,0.9981475603119898,0.003208519657590637,1.0,40.0,1.0,0.9981475603119898,1.0,17.45273494720459
0.17681795358657837,0.009899930076532292,0.007953822612762451,0.0008072250924343644,multi:softmax,55,0.1,0.5551020408163265,"{'algo__objective': 'multi:softmax', 'algo__max_depth': 55, 'algo__learning_rate': 0.1, 'algo__gamma': 0.5551020408163265}",1.0,1.0,0.9925902412479594,1.0,0.9981475603119898,0.003208519657590637,1.0,40.0,1.0,0.9981475603119898,1.0,17.45273494720459
0.30605459213256836,0.08228021514003873,0.009291589260101318,0.0013517175812306815,multi:softmax,60,0.05,0.1469387755102041,"{'algo__objective': 'multi:softmax', 'algo__max_depth': 60, 'algo__learning_rate': 0.05, 'algo__gamma': 0.1469387755102041}",1.0,1.0,0.9925902412479594,1.0,0.9981475603119898,0.003208519657590637,1.0,40.0,1.0,0.9981475603119898,1.0,17.45273494720459
0.2128162980079651,0.04854789711175173,0.008119165897369385,0.0009039094256934138,multi:softmax,5,0.05,0.2938775510204082,"{'algo__objective': 'multi:softmax', 'algo__max_depth': 5, 'algo__learning_rate': 0.05, 'algo__gamma': 0.2938775510204082}",1.0,1.0,0.9925902412479594,1.0,0.9981475603119898,0.003208519657590637,1.0,40.0,1.0,0.9981475603119898,1.0,17.45273494720459
0.1332639455795288,0.004369665004979894,0.007654368877410889,0.00039332271390202255,multi:softmax,10,0.1,0.3918367346938776,"{'algo__objective': 'multi:softmax', 'algo__max_depth': 10, 'algo__learning_rate': 0.1, 'algo__gamma': 0.3918367346938776}",1.0,1.0,0.9925902412479594,1.0,0.9981475603119898,0.003208519657590637,1.0,40.0,1.0,0.9981475603119898,1.0,17.45273494720459
0.16878080368041992,0.011324545649487741,0.007218122482299805,0.0004887955639590047,multi:softmax,50,0.01,0.4571428571428572,"{'algo__objective': 'multi:softmax', 'algo__max_depth': 50, 'algo__learning_rate': 0.01, 'algo__gamma': 0.4571428571428572}",1.0,1.0,0.9925902412479594,1.0,0.9981475603119898,0.003208519657590637,1.0,40.0,1.0,0.9981475603119898,1.0,17.45273494720459
0.17438864707946777,0.013736122734714345,0.0070362091064453125,0.0002639358281944495,multi:softmax,5,0.001,0.5877551020408164,"{'algo__objective': 'multi:softmax', 'algo__max_depth': 5, 'algo__learning_rate': 0.001, 'algo__gamma': 0.5877551020408164}",1.0,1.0,0.9925902412479594,0.9930981401569636,0.9964220953512307,0.0035824079664948266,8.0,40.0,1.0,0.9981475603119898,1.0,17.45273494720459
0.1632973551750183,0.003999691957040066,0.007807433605194092,0.0005018786515588817,multi:softmax,25,0.001,0.2612244897959184,"{'algo__objective': 'multi:softmax', 'algo__max_depth': 25, 'algo__learning_rate': 0.001, 'algo__gamma': 0.2612244897959184}",1.0,1.0,0.9925902412479594,0.9930981401569636,0.9964220953512307,0.0035824079664948266,8.0,40.0,1.0,0.9981475603119898,1.0,17.45273494720459
0.18391501903533936,0.019872940134863418,0.007649481296539307,0.0005447265942438652,multi:softprob,60,0.001,0.1306122448979592,"{'algo__objective': 'multi:softprob', 'algo__max_depth': 60, 'algo__learning_rate': 0.001, 'algo__gamma': 0.1306122448979592}",1.0,1.0,0.9925902412479594,0.9930981401569636,0.9964220953512307,0.0035824079664948266,8.0,40.0,1.0,0.9981475603119898,1.0,17.45273494720459
0.14700263738632202,0.012878146678881859,0.007597565650939941,0.000524020349042691,multi:softprob,45,0.1,0.489795918367347,"{'algo__objective': 'multi:softprob', 'algo__max_depth': 45, 'algo__learning_rate': 0.1, 'algo__gamma': 0.489795918367347}",1.0,1.0,0.9925902412479594,1.0,0.9981475603119898,0.003208519657590637,1.0,40.0,1.0,0.9981475603119898,1.0,17.45273494720459
0.21241247653961182,0.07610705774860256,0.00801151990890503,0.0002577424694467175,multi:softprob,45,0.1,0.7346938775510204,"{'algo__objective': 'multi:softprob', 'algo__max_depth': 45, 'algo__learning_rate': 0.1, 'algo__gamma': 0.7346938775510204}",1.0,1.0,0.9925902412479594,1.0,0.9981475603119898,0.003208519657590637,1.0,50.0,1.0,0.9981475603119898,1.0,24.475727081298828
0.37777453660964966,0.15118058223676414,0.009643733501434326,0.001352223664728609,multi:softprob,25,0.05,0.0979591836734694,"{'algo__objective': 'multi:softprob', 'algo__max_depth': 25, 'algo__learning_rate': 0.05, 'algo__gamma': 0.0979591836734694}",1.0,1.0,0.9925902412479594,1.0,0.9981475603119898,0.003208519657590637,1.0,50.0,1.0,0.9981475603119898,1.0,24.475727081298828
0.55419921875,0.13328023423000473,0.010408282279968262,0.00163809065956272,multi:softmax,10,0.05,0.5877551020408164,"{'algo__objective': 'multi:softmax', 'algo__max_depth': 10, 'algo__learning_rate': 0.05, 'algo__gamma': 0.5877551020408164}",1.0,1.0,0.9925902412479594,1.0,0.9981475603119898,0.003208519657590637,1.0,50.0,1.0,0.9981475603119898,1.0,24.475727081298828
0.44365137815475464,0.16636337092143402,0.00828641653060913,0.0001974983422669793,multi:softmax,55,0.01,0.3591836734693878,"{'algo__objective': 'multi:softmax', 'algo__max_depth': 55, 'algo__learning_rate': 0.01, 'algo__gamma': 0.3591836734693878}",1.0,1.0,0.9925902412479594,1.0,0.9981475603119898,0.003208519657590637,1.0,50.0,1.0,0.9981475603119898,1.0,24.475727081298828
0.2878018617630005,0.1193056269519379,0.00830775499343872,0.0010462696987014238,multi:softprob,60,0.1,0.7020408163265307,"{'algo__objective': 'multi:softprob', 'algo__max_depth': 60, 'algo__learning_rate': 0.1, 'algo__gamma': 0.7020408163265307}",1.0,1.0,0.9925902412479594,1.0,0.9981475603119898,0.003208519657590637,1.0,50.0,1.0,0.9981475603119898,1.0,24.475727081298828
0.2059956192970276,0.015853479465753495,0.007749378681182861,0.0005029330824023291,multi:softmax,45,0.01,0.4571428571428572,"{'algo__objective': 'multi:softmax', 'algo__max_depth': 45, 'algo__learning_rate': 0.01, 'algo__gamma': 0.4571428571428572}",1.0,1.0,0.9925902412479594,1.0,0.9981475603119898,0.003208519657590637,1.0,50.0,1.0,0.9981475603119898,1.0,24.475727081298828
0.18919479846954346,0.002400565627613664,0.007293999195098877,0.0003513865794275209,multi:softprob,5,0.01,0.7020408163265307,"{'algo__objective': 'multi:softprob', 'algo__max_depth': 5, 'algo__learning_rate': 0.01, 'algo__gamma': 0.7020408163265307}",1.0,1.0,0.9925902412479594,1.0,0.9981475603119898,0.003208519657590637,1.0,50.0,1.0,0.9981475603119898,1.0,24.475727081298828
0.6435856223106384,0.4632802134704541,0.00926053524017334,0.0014612092805004028,multi:softmax,60,0.05,0.2122448979591837,"{'algo__objective': 'multi:softmax', 'algo__max_depth': 60, 'algo__learning_rate': 0.05, 'algo__gamma': 0.2122448979591837}",1.0,1.0,0.9925902412479594,1.0,0.9981475603119898,0.003208519657590637,1.0,50.0,1.0,0.9981475603119898,1.0,24.475727081298828
0.3272209167480469,0.22019318663045648,0.007801055908203125,0.00030602754437008536,multi:softprob,25,0.001,0.4571428571428572,"{'algo__objective': 'multi:softprob', 'algo__max_depth': 25, 'algo__learning_rate': 0.001, 'algo__gamma': 0.4571428571428572}",1.0,1.0,0.9925902412479594,0.9930981401569636,0.9964220953512307,0.0035824079664948266,10.0,50.0,1.0,0.9981475603119898,1.0,24.475727081298828
0.3844875693321228,0.17549413394716273,0.007505834102630615,0.0006482756669772091,multi:softprob,50,0.01,0.7346938775510204,"{'algo__objective': 'multi:softprob', 'algo__max_depth': 50, 'algo__learning_rate': 0.01, 'algo__gamma': 0.7346938775510204}",1.0,1.0,0.9925902412479594,1.0,0.9981475603119898,0.003208519657590637,1.0,50.0,1.0,0.9981475603119898,1.0,24.475727081298828
0.40533971786499023,0.28010720268280237,0.00778728723526001,0.00036016890187236575,multi:softprob,5,0.01,0.2612244897959184,"{'algo__objective': 'multi:softprob', 'algo__max_depth': 5, 'algo__learning_rate': 0.01, 'algo__gamma': 0.2612244897959184}",1.0,1.0,0.9925902412479594,1.0,0.9981475603119898,0.003208519657590637,1.0,100.0,1.0,0.9981475603119898,1.0,98.53649425506592
0.16385972499847412,0.018220933367310743,0.007755756378173828,0.0003705971215222014,multi:softprob,10,0.05,0.6204081632653062,"{'algo__objective': 'multi:softprob', 'algo__max_depth': 10, 'algo__learning_rate': 0.05, 'algo__gamma': 0.6204081632653062}",1.0,1.0,0.9925902412479594,1.0,0.9981475603119898,0.003208519657590637,1.0,100.0,1.0,0.9981475603119898,1.0,98.53649425506592
0.14528888463974,0.027045032542857228,0.007624566555023193,0.0007264846764033894,multi:softmax,45,0.1,0.1469387755102041,"{'algo__objective': 'multi:softmax', 'algo__max_depth': 45, 'algo__learning_rate': 0.1, 'algo__gamma': 0.1469387755102041}",1.0,1.0,0.9925902412479594,1.0,0.9981475603119898,0.003208519657590637,1.0,100.0,1.0,0.9981475603119898,1.0,98.53649425506592
0.11856299638748169,0.002526428223576885,0.007316529750823975,0.00024039376427071845,multi:softprob,25,0.1,0.6367346938775511,"{'algo__objective': 'multi:softprob', 'algo__max_depth': 25, 'algo__learning_rate': 0.1, 'algo__gamma': 0.6367346938775511}",1.0,1.0,0.9925902412479594,1.0,0.9981475603119898,0.003208519657590637,1.0,100.0,1.0,0.9981475603119898,1.0,98.53649425506592
0.17696350812911987,0.02192718333138584,0.007435023784637451,0.00034346132226363644,multi:softmax,60,0.001,0.3918367346938776,"{'algo__objective': 'multi:softmax', 'algo__max_depth': 60, 'algo__learning_rate': 0.001, 'algo__gamma': 0.3918367346938776}",1.0,1.0,0.9925902412479594,0.9930981401569636,0.9964220953512307,0.0035824079664948266,10.0,100.0,1.0,0.9981475603119898,1.0,98.53649425506592
0.2160014510154724,0.05017804600767586,0.007474720478057861,0.0004370252022913593,multi:softmax,60,0.05,0.7020408163265307,"{'algo__objective': 'multi:softmax', 'algo__max_depth': 60, 'algo__learning_rate': 0.05, 'algo__gamma': 0.7020408163265307}",1.0,1.0,0.9925902412479594,1.0,0.9981475603119898,0.003208519657590637,1.0,100.0,1.0,0.9981475603119898,1.0,98.53649425506592
0.27220022678375244,0.11903290432849285,0.009306252002716064,0.001658897442068103,multi:softmax,50,0.1,0.0816326530612245,"{'algo__objective': 'multi:softmax', 'algo__max_depth': 50, 'algo__learning_rate': 0.1, 'algo__gamma': 0.0816326530612245}",1.0,1.0,0.9925902412479594,1.0,0.9981475603119898,0.003208519657590637,1.0,100.0,1.0,0.9981475603119898,1.0,98.53649425506592
0.28832530975341797,0.052853404186874446,0.009276747703552246,0.0015355101115404315,multi:softprob,25,0.05,0.2612244897959184,"{'algo__objective': 'multi:softprob', 'algo__max_depth': 25, 'algo__learning_rate': 0.05, 'algo__gamma': 0.2612244897959184}",1.0,1.0,0.9925902412479594,1.0,0.9981475603119898,0.003208519657590637,1.0,100.0,1.0,0.9981475603119898,1.0,98.53649425506592
0.17915493249893188,0.013520827833156598,0.007811784744262695,0.0001404425074915418,multi:softprob,25,0.1,0.1142857142857143,"{'algo__objective': 'multi:softprob', 'algo__max_depth': 25, 'algo__learning_rate': 0.1, 'algo__gamma': 0.1142857142857143}",1.0,1.0,0.9925902412479594,1.0,0.9981475603119898,0.003208519657590637,1.0,100.0,1.0,0.9981475603119898,1.0,98.53649425506592
0.21167749166488647,0.019879994933922944,0.00761723518371582,0.0003122247185516541,multi:softprob,5,0.05,0.7836734693877552,"{'algo__objective': 'multi:softprob', 'algo__max_depth': 5, 'algo__learning_rate': 0.05, 'algo__gamma': 0.7836734693877552}",1.0,1.0,0.9925902412479594,1.0,0.9981475603119898,0.003208519657590637,1.0,100.0,1.0,0.9981475603119898,1.0,98.53649425506592
