converting_time,page,dpi,c,m,y,k,sum,base_minus_curr_sum,diff,options,label
0.3927981853485107,1,300,0.27,0.27,0.585,7.94,9.065000000000001,0.0,0.0,default,0
1.4429678916931152,2,300,1.965,1.59,0.015,3.64,7.210000000000001,0.0,0.0,default,0
0.1971592903137207,3,300,0.0,0.0,0.0,10.21,10.21,0.0,0.0,default,0
0.1523463726043701,4,300,0.0,0.0,0.0,11.03,11.03,0.0,0.0,default,0
0.1517186164855957,5,300,0.0,0.0,0.0,11.18,11.18,0.0,0.0,default,0
0.1458821296691894,6,300,0.0,0.0,0.0,10.87,10.87,0.0,0.0,default,0
0.1508219242095947,7,300,0.0,0.0,0.0,11.24,11.24,0.0,0.0,default,0
0.146531343460083,8,300,0.0,0.0,0.0,10.93,10.93,0.0,0.0,default,0
0.1553757190704345,9,300,0.0,0.0,0.0,10.98,10.98,0.0,0.0,default,0
0.1459865570068359,10,300,0.0,0.0,0.0,10.91,10.91,0.0,0.0,default,0
0.1511750221252441,11,300,0.0,0.0,0.0,11.3,11.3,0.0,0.0,default,0
0.1467771530151367,12,300,0.0,0.0,0.0,10.99,10.99,0.0,0.0,default,0
0.1463894844055175,13,300,0.0,0.0,0.0,10.95,10.95,0.0,0.0,default,0
0.1496055126190185,14,300,0.0,0.0,0.0,11.17,11.17,0.0,0.0,default,0
0.1457612514495849,15,300,0.0,0.0,0.0,10.88,10.88,0.0,0.0,default,0
0.1514399051666259,16,300,0.0,0.0,0.0,11.31,11.31,0.0,0.0,default,0
0.1545217037200927,17,300,0.0,0.0,0.0,11.54,11.54,0.0,0.0,default,0
0.1469247341156005,18,300,0.0,0.0,0.0,11.0,11.0,0.0,0.0,default,0
0.1478052139282226,19,300,0.0,0.0,0.0,10.98,10.98,0.0,0.0,default,0
0.1478283405303955,20,300,0.0,0.0,0.0,11.09,11.09,0.0,0.0,default,0
0.149876594543457,21,300,0.0,0.0,0.0,11.22,11.22,0.0,0.0,default,0
0.1470794677734375,22,300,0.0,0.0,0.0,10.99,10.99,0.0,0.0,default,0
0.146904706954956,23,300,0.0,0.0,0.0,10.97,10.97,0.0,0.0,default,0
0.1494636535644531,24,300,0.0,0.0,0.0,11.12,11.12,0.0,0.0,default,0
0.1526625156402588,25,300,0.0,0.0,0.0,11.37,11.37,0.0,0.0,default,0
1.7103662490844729,26,300,2.94,1.935,0.045,8.14,13.06,0.0,0.0,default,0
1.5116965770721436,27,300,91.32000000000001,2.985,78.015,43.08,215.39999999999998,0.0,0.0,default,5
0.0691747665405273,28,300,0.0,0.0,0.0,0.06,0.06,0.0,0.0,default,0
1.2287049293518066,29,300,5.22,0.21000000000000002,13.559999999999999,2.94,21.93,0.0,0.0,default,4
0.1692841053009033,30,300,0.0,0.42000000000000004,0.315,2.66,3.3950000000000005,0.0,0.0,default,0
0.1563847064971923,31,300,0.0,0.5249999999999999,0.405,3.74,4.67,0.0,0.0,default,0
0.0900475978851318,32,300,0.0,0.195,0.135,1.39,1.72,0.0,0.0,default,0
0.1943578720092773,33,300,0.405,0.5700000000000001,1.305,4.39,6.67,0.0,0.0,default,0
0.5300977230072021,34,300,4.08,0.46499999999999997,8.445,3.92,16.91,0.0,0.0,default,4
0.4326283931732178,35,300,6.885,3.585,14.850000000000001,6.5,31.82,0.0,0.0,default,1
0.0704133510589599,36,300,0.0,0.0,0.0,0.06,0.06,0.0,0.0,default,0
0.1828570365905761,37,300,0.54,0.46499999999999997,1.44,3.66,6.105,0.0,0.0,default,0
0.170633316040039,38,300,0.54,0.36,1.3800000000000001,3.1,5.380000000000001,0.0,0.0,default,0
0.1754217147827148,39,300,0.405,0.615,1.35,4.25,6.62,0.0,0.0,default,0
0.0777626037597656,40,300,0.0,0.0,0.0,0.06,0.06,0.0,0.0,default,0
0.1943871974945068,41,300,0.405,0.46499999999999997,1.23,3.72,5.82,0.0,0.0,default,0
0.1726613044738769,42,300,0.405,0.5700000000000001,1.32,4.57,6.865,0.0,0.0,default,0
0.1573719978332519,43,300,0.405,0.51,1.26,4.06,6.234999999999999,0.0,0.0,default,0
0.1653954982757568,44,300,0.405,0.585,1.32,4.65,6.960000000000001,0.0,0.0,default,0
0.1663329601287841,45,300,0.405,0.585,1.32,4.68,6.99,0.0,0.0,default,0
0.1707944869995117,46,300,0.43499999999999994,0.585,1.3800000000000001,4.95,7.3500000000000005,0.0,0.0,default,0
0.1719508171081543,47,300,0.405,0.63,1.35,5.01,7.395,0.0,0.0,default,0
0.1635134220123291,48,300,0.405,0.5700000000000001,1.32,4.57,6.865,0.0,0.0,default,0
0.1632795333862304,49,300,0.405,0.5700000000000001,1.32,4.55,6.845,0.0,0.0,default,0
0.174673318862915,50,300,0.405,0.63,1.365,5.05,7.45,0.0,0.0,default,0
0.1677651405334472,51,300,0.405,0.585,1.335,4.74,7.065,0.0,0.0,default,0
0.1597847938537597,52,300,0.405,0.5549999999999999,1.305,4.43,6.694999999999999,0.0,0.0,default,0
0.1696646213531494,53,300,0.405,0.585,1.32,4.65,6.960000000000001,0.0,0.0,default,0
0.1706891059875488,54,300,0.405,0.6000000000000001,1.335,4.86,7.2,0.0,0.0,default,0
0.1642243862152099,55,300,0.405,0.585,1.32,4.62,6.93,0.0,0.0,default,0
0.1677954196929931,56,300,0.405,0.615,1.35,4.82,7.19,0.0,0.0,default,0
0.1687479019165039,57,300,0.405,0.6000000000000001,1.335,4.8,7.14,0.0,0.0,default,0
0.1703894138336181,58,300,0.405,0.5549999999999999,1.305,4.47,6.734999999999999,0.0,0.0,default,0
0.1837859153747558,59,300,0.405,0.66,1.3800000000000001,5.27,7.715,0.0,0.0,default,0
0.162996768951416,60,300,0.405,0.54,1.29,4.26,6.495,0.0,0.0,default,0
0.1716632843017578,61,300,0.405,0.6000000000000001,1.335,4.71,7.05,0.0,0.0,default,0
0.1800100803375244,62,300,0.405,0.645,1.3800000000000001,5.18,7.609999999999999,0.0,0.0,default,0
0.1723201274871826,63,300,0.405,0.5700000000000001,1.32,4.64,6.935,0.0,0.0,default,0
0.1651654243469238,64,300,0.405,0.54,1.29,4.31,6.545,0.0,0.0,default,0
0.1682536602020263,65,300,0.405,0.5549999999999999,1.305,4.45,6.715,0.0,0.0,default,0
0.1765875816345214,66,300,0.405,0.615,1.35,4.93,7.3,0.0,0.0,default,0
0.1685714721679687,67,300,0.405,0.54,1.305,4.42,6.67,0.0,0.0,default,0
0.0835824012756347,68,300,0.0,0.0,0.0,0.06,0.06,0.0,0.0,default,0
0.1705851554870605,69,300,0.405,0.27,1.095,2.37,4.140000000000001,0.0,0.0,default,0
0.1580791473388672,70,300,0.405,0.405,1.185,3.3,5.295,0.0,0.0,default,0
0.1522738933563232,71,300,0.405,0.405,1.2000000000000002,3.4,5.41,0.0,0.0,default,0
0.1097569465637207,72,300,0.405,0.09,0.96,1.0,2.455,0.0,0.0,default,0
0.2374529838562011,73,300,3.315,0.28500000000000003,9.209999999999999,5.11,17.919999999999998,0.0,0.0,default,4
0.2484440803527832,74,300,3.375,0.42000000000000004,9.42,6.43,19.645,0.0,0.0,default,4
1.3009085655212402,75,300,18.96,2.25,33.135,14.34,68.685,0.0,0.0,default,3
0.0501484870910644,76,300,0.0,0.0,0.0,0.06,0.06,0.0,0.0,default,0
0.1785449981689453,77,300,0.495,0.615,1.4849999999999999,4.94,7.535,0.0,0.0,default,0
0.1484208106994629,78,300,0.54,0.585,1.5150000000000001,4.78,7.42,0.0,0.0,default,0
0.1413290500640869,79,300,0.495,0.6000000000000001,1.47,4.85,7.415,0.0,0.0,default,0
0.1417710781097412,80,300,0.54,0.5549999999999999,1.5,4.52,7.114999999999999,0.0,0.0,default,0
0.1366245746612548,81,300,0.495,0.5549999999999999,1.44,4.45,6.9399999999999995,0.0,0.0,default,0
0.2220351696014404,82,300,5.025,0.39,14.28,6.83,26.525,0.0,0.0,default,1
0.2130334377288818,83,300,4.92,0.34500000000000003,14.04,6.45,25.755,0.0,0.0,default,1
0.2082827091217041,84,300,4.7700000000000005,0.39,13.575000000000001,6.86,25.595,0.0,0.0,default,1
0.1488151550292968,85,300,4.11,0.22499999999999998,11.850000000000001,4.42,20.605000000000004,0.0,0.0,default,4
0.2057399749755859,86,300,6.074999999999999,0.375,17.22,7.17,30.839999999999996,0.0,0.0,default,1
0.1762928962707519,87,300,5.865,0.28500000000000003,16.665,6.6,29.415,0.0,0.0,default,1
0.1771326065063476,88,300,6.0,0.27,16.965,6.54,29.775,0.0,0.0,default,1
0.1678893566131591,89,300,5.955,0.24,16.815,6.17,29.18,0.0,0.0,default,1
0.1717312335968017,90,300,5.865,0.27,16.605,6.4,29.14,0.0,0.0,default,1
0.1214046478271484,91,300,4.365,0.195,12.585,4.32,21.465000000000003,0.0,0.0,default,4
0.1887235641479492,92,300,5.745,0.42000000000000004,16.32,7.31,29.794999999999998,0.0,0.0,default,1
0.4767053127288818,93,300,5.58,0.315,15.870000000000001,6.67,28.435000000000002,0.0,0.0,default,1
0.1867311000823974,94,300,5.64,0.30000000000000004,15.93,6.59,28.459999999999997,0.0,0.0,default,1
0.1831445693969726,95,300,5.699999999999999,0.28500000000000003,16.11,6.41,28.505,0.0,0.0,default,1
0.1839706897735595,96,300,5.625,0.30000000000000004,15.885,6.51,28.32,0.0,0.0,default,1
0.1375403404235839,97,300,4.275,0.24,12.299999999999999,4.73,21.544999999999998,0.0,0.0,default,4
0.2074165344238281,98,300,5.3549999999999995,0.34500000000000003,15.059999999999999,6.84,27.599999999999998,0.0,0.0,default,1
0.1890840530395507,99,300,5.445,0.33,15.345,6.89,28.01,0.0,0.0,default,1
0.1553351879119873,100,300,4.7700000000000005,0.24,13.395,5.35,23.755000000000003,0.0,0.0,default,1
0.1821584701538086,101,300,4.050000000000001,0.27,11.385,5.46,21.165,0.0,0.0,default,4
0.2103922367095947,102,300,5.055,0.39,14.22,6.68,26.345,0.0,0.0,default,1
0.187910795211792,103,300,5.295,0.27,14.835,6.32,26.72,0.0,0.0,default,1
0.1880998611450195,104,300,5.385,0.28500000000000003,15.044999999999998,6.43,27.144999999999996,0.0,0.0,default,1
0.1840167045593261,105,300,5.295,0.27,14.835,6.29,26.689999999999998,0.0,0.0,default,1
0.1817414760589599,106,300,5.324999999999999,0.255,14.865,6.23,26.675,0.0,0.0,default,1
0.1809570789337158,107,300,5.295,0.255,14.805,6.16,26.515,0.0,0.0,default,1
0.1703474521636963,108,300,4.995,0.255,13.98,5.8,25.03,0.0,0.0,default,1
0.1707384586334228,109,300,4.9799999999999995,0.255,13.950000000000001,5.8,24.985000000000003,0.0,0.0,default,1
0.184814453125,110,300,5.324999999999999,0.28500000000000003,14.879999999999999,6.42,26.909999999999997,0.0,0.0,default,1
0.1868646144866943,111,300,5.34,0.28500000000000003,14.955000000000002,6.46,27.040000000000003,0.0,0.0,default,1
0.1833486557006836,112,300,5.324999999999999,0.27,14.879999999999999,6.37,26.845,0.0,0.0,default,1
0.1815633773803711,113,300,5.28,0.27,14.79,6.27,26.61,0.0,0.0,default,1
0.1810414791107177,114,300,5.324999999999999,0.27,14.850000000000001,6.26,26.705,0.0,0.0,default,1
0.1698987483978271,115,300,4.949999999999999,0.255,13.905,5.84,24.95,0.0,0.0,default,1
0.1686141490936279,116,300,5.025,0.24,13.995000000000001,5.67,24.93,0.0,0.0,default,1
0.1813409328460693,117,300,5.295,0.27,14.805,6.2,26.569999999999997,0.0,0.0,default,1
0.1836874485015869,118,300,5.385,0.255,15.015,6.28,26.935000000000002,0.0,0.0,default,1
0.1801767349243164,119,300,5.295,0.255,14.805,6.16,26.515,0.0,0.0,default,1
0.1787409782409668,120,300,5.324999999999999,0.255,14.835,6.11,26.525,0.0,0.0,default,1
0.1779282093048095,121,300,5.28,0.255,14.76,6.06,26.355,0.0,0.0,default,1
0.1675269603729248,122,300,4.995,0.24,13.950000000000001,5.69,24.875000000000004,0.0,0.0,default,1
0.1713216304779052,123,300,4.949999999999999,0.27,13.919999999999998,5.93,25.069999999999997,0.0,0.0,default,1
0.1858325004577636,124,300,5.3100000000000005,0.30000000000000004,14.850000000000001,6.57,27.03,0.0,0.0,default,1
0.1876225471496582,125,300,5.324999999999999,0.30000000000000004,14.924999999999999,6.61,27.159999999999997,0.0,0.0,default,1
0.1845290660858154,126,300,5.3100000000000005,0.30000000000000004,14.850000000000001,6.52,26.98,0.0,0.0,default,1
0.1826293468475341,127,300,5.265,0.28500000000000003,14.745000000000001,6.42,26.715000000000003,0.0,0.0,default,1
0.1828920841217041,128,300,5.3100000000000005,0.28500000000000003,14.82,6.42,26.835,0.0,0.0,default,1
0.1716756820678711,129,300,4.92,0.27,13.86,6.0,25.049999999999997,0.0,0.0,default,1
0.1771235466003418,130,300,5.85,0.27,16.44,6.43,28.990000000000002,0.0,0.0,default,1
0.1899328231811523,131,300,6.12,0.30000000000000004,17.25,6.98,30.650000000000002,0.0,0.0,default,1
0.1923725605010986,132,300,6.2250000000000005,0.30000000000000004,17.445,7.05,31.02,0.0,0.0,default,1
0.1887400150299072,133,300,6.135,0.28500000000000003,17.294999999999998,6.94,30.654999999999998,0.0,0.0,default,1
0.1876976490020752,134,300,6.165000000000001,0.28500000000000003,17.294999999999998,6.9,30.644999999999996,0.0,0.0,default,1
0.186805248260498,135,300,6.12,0.28500000000000003,17.205000000000002,6.82,30.430000000000003,0.0,0.0,default,1
0.1863658428192138,136,300,5.76,0.30000000000000004,16.245,6.69,28.995,0.0,0.0,default,1
0.2090532779693603,137,300,4.32,0.33,12.059999999999999,5.91,22.62,0.0,0.0,default,4
0.1708686351776123,138,300,3.945,0.21000000000000002,10.905,4.79,19.849999999999998,0.0,0.0,default,4
0.1244919300079345,139,300,2.055,0.22499999999999998,5.775,3.05,11.105,0.0,0.0,default,0
0.0498759746551513,140,300,0.0,0.0,0.0,0.06,0.06,0.0,0.0,default,0
1.057753562927246,141,300,30.015,2.04,54.269999999999996,18.49,104.81499999999998,0.0,0.0,default,3
0.049950361251831,142,300,0.0,0.0,0.0,0.06,0.06,0.0,0.0,default,0
0.1797235012054443,143,300,0.46499999999999997,0.5549999999999999,1.395,4.51,6.925,0.0,0.0,default,0
0.1404507160186767,144,300,0.54,0.54,1.4849999999999999,4.46,7.025,0.0,0.0,default,0
0.1688997745513916,145,300,0.46499999999999997,0.6900000000000001,1.5,5.61,8.265,0.0,0.0,default,0
0.1464228630065918,146,300,0.54,0.6000000000000001,1.53,4.96,7.63,0.0,0.0,default,0
0.1369659900665283,147,300,0.46499999999999997,0.44999999999999996,1.305,3.76,5.9799999999999995,0.0,0.0,default,0
0.144336462020874,148,300,0.54,0.585,1.53,4.83,7.485,0.0,0.0,default,0
0.1071071624755859,149,300,0.46499999999999997,0.315,1.215,2.69,4.6850000000000005,0.0,0.0,default,0
0.3211739063262939,150,300,3.96,0.27,11.100000000000001,5.24,20.57,0.0,0.0,default,4
0.1745762825012207,151,300,3.915,0.21000000000000002,10.92,4.83,19.875,0.0,0.0,default,4
0.1914622783660888,152,300,4.050000000000001,0.33,11.325,6.05,21.755,0.0,0.0,default,4
0.1997694969177246,153,300,3.96,0.36,11.22,6.4,21.94,0.0,0.0,default,4
0.1955630779266357,154,300,4.14,0.315,11.565,5.66,21.68,0.0,0.0,default,4
0.1435017585754394,155,300,3.69,0.315,10.785,4.87,19.66,0.0,0.0,default,4
0.1821377277374267,156,300,4.125,0.405,11.655,6.29,22.474999999999998,0.0,0.0,default,4
0.1767628192901611,157,300,4.305,0.375,12.225000000000001,6.1,23.005000000000003,0.0,0.0,default,4
0.1326749324798584,158,300,3.63,0.22499999999999998,10.155,4.18,18.189999999999998,0.0,0.0,default,4
0.1638619899749755,159,300,3.885,0.24,10.875,4.83,19.83,0.0,0.0,default,4
0.1928412914276123,160,300,4.6049999999999995,0.24,13.245000000000001,5.58,23.67,0.0,0.0,default,1
0.206676959991455,161,300,5.415,0.42000000000000004,15.96,7.45,29.245,0.0,0.0,default,1
0.2242634296417236,162,300,4.7700000000000005,0.44999999999999996,13.47,7.19,25.880000000000003,0.0,0.0,default,1
0.166003942489624,163,300,4.4399999999999995,0.30000000000000004,12.899999999999999,5.63,23.269999999999996,0.0,0.0,default,4
0.1595385074615478,164,300,4.665,0.30000000000000004,13.379999999999999,5.59,23.935,0.0,0.0,default,1
0.1996970176696777,165,300,4.9799999999999995,0.43499999999999994,14.355,7.11,26.88,0.0,0.0,default,1
0.1368219852447509,166,300,4.155,0.24,12.254999999999999,4.7,21.349999999999998,0.0,0.0,default,4
0.143869400024414,167,300,4.275,0.255,12.645,4.94,22.115000000000002,0.0,0.0,default,4
0.1882925033569336,168,300,4.725,0.375,13.155,6.44,24.695,0.0,0.0,default,1
0.1868050098419189,169,300,4.7700000000000005,0.27,13.59,5.89,24.520000000000003,0.0,0.0,default,1
0.2323510646820068,170,300,3.6450000000000005,0.46499999999999997,10.155,6.76,21.025,0.0,0.0,default,4
0.1703178882598877,171,300,3.42,0.315,9.765,5.34,18.84,0.0,0.0,default,4
0.1769349575042724,172,300,3.5999999999999996,0.33,10.17,5.66,19.759999999999998,0.0,0.0,default,4
0.1572625637054443,173,300,2.94,0.315,8.475000000000001,4.76,16.490000000000002,0.0,0.0,default,4
0.1400148868560791,174,300,3.285,0.21000000000000002,9.225000000000001,4.12,16.840000000000003,0.0,0.0,default,4
0.1554663181304931,175,300,3.12,0.24,8.655,4.34,16.355,0.0,0.0,default,4
0.2013971805572509,176,300,4.845,0.375,13.515,6.61,25.345,0.0,0.0,default,1
0.1863048076629638,177,300,4.7700000000000005,0.27,13.32,5.95,24.31,0.0,0.0,default,1
0.1887884140014648,178,300,5.25,0.27,15.195,6.31,27.025,0.0,0.0,default,1
0.1967756748199463,179,300,4.92,0.39,13.799999999999999,6.78,25.89,0.0,0.0,default,1
0.1911954879760742,180,300,4.995,0.28500000000000003,13.86,6.28,25.42,0.0,0.0,default,1
0.1898999214172363,181,300,5.28,0.28500000000000003,15.36,6.47,27.395,0.0,0.0,default,1
0.1978931427001953,182,300,4.59,0.43499999999999994,13.095,7.14,25.26,0.0,0.0,default,1
0.9420132637023926,183,300,12.78,35.22,73.755,13.51,135.265,0.0,0.0,default,2
0.0497729778289794,184,300,0.0,0.0,0.0,0.06,0.06,0.0,0.0,default,0
0.1933608055114746,185,300,0.54,0.675,1.59,5.53,8.335,0.0,0.0,default,0
0.1511337757110595,186,300,0.54,0.615,1.545,5.0,7.7,0.0,0.0,default,0
0.157689094543457,187,300,0.54,0.645,1.5750000000000002,5.28,8.040000000000001,0.0,0.0,default,0
0.1470530033111572,188,300,0.54,0.63,1.56,5.08,7.8100000000000005,0.0,0.0,default,0
0.1435751914978027,189,300,0.54,0.615,1.545,5.03,7.73,0.0,0.0,default,0
0.1478276252746582,190,300,0.54,0.6000000000000001,1.53,4.83,7.5,0.0,0.0,default,0
0.1124699115753173,191,300,0.54,0.30000000000000004,1.305,2.66,4.805,0.0,0.0,default,0
0.2163770198822021,192,300,4.53,0.48,12.96,7.07,25.04,0.0,0.0,default,1
0.2019057273864746,193,300,4.53,0.33,12.84,6.35,24.049999999999997,0.0,0.0,default,1
0.1777944564819336,194,300,4.335,0.27,12.21,5.78,22.595000000000002,0.0,0.0,default,4
0.1514391899108886,195,300,3.615,0.27,10.23,4.82,18.935000000000002,0.0,0.0,default,4
0.2183504104614257,196,300,3.7800000000000002,0.43499999999999994,10.485,6.66,21.36,0.0,0.0,default,4
0.1933560371398925,197,300,3.81,0.42000000000000004,10.575,6.64,21.445,0.0,0.0,default,4
0.1937556266784668,198,300,3.8549999999999995,0.405,10.665000000000001,6.56,21.485,0.0,0.0,default,4
0.1936593055725097,199,300,3.87,0.405,10.695,6.55,21.52,0.0,0.0,default,4
0.1696093082427978,200,300,6.300000000000001,0.34500000000000003,18.330000000000002,6.62,31.595000000000002,0.0,0.0,default,1
0.1649465560913086,201,300,6.449999999999999,0.255,18.6,6.27,31.575,0.0,0.0,default,1
0.2034497261047363,202,300,6.945,0.48,20.025,8.58,36.03,0.0,0.0,default,1
0.2040355205535888,203,300,6.449999999999999,0.43499999999999994,18.57,8.33,33.785,0.0,0.0,default,1
0.1381828784942627,204,300,5.43,0.27,15.794999999999998,5.53,27.025,0.0,0.0,default,1
0.1394498348236084,205,300,6.074999999999999,0.315,18.015,6.22,30.625,0.0,0.0,default,1
0.1413800716400146,206,300,6.3149999999999995,0.24,18.645,6.01,31.21,0.0,0.0,default,1
0.1412632465362548,207,300,4.0200000000000005,0.30000000000000004,11.52,4.98,20.82,0.0,0.0,default,4
0.1330490112304687,208,300,4.0200000000000005,0.15000000000000002,11.399999999999999,4.09,19.66,0.0,0.0,default,4
0.1575047969818115,209,300,3.99,0.28500000000000003,11.43,5.28,20.985,0.0,0.0,default,4
0.1270205974578857,210,300,4.11,0.27,12.254999999999999,4.76,21.394999999999996,0.0,0.0,default,4
0.1189489364624023,211,300,4.14,0.10500000000000001,12.195,3.83,20.270000000000003,0.0,0.0,default,4
0.1427578926086425,212,300,4.14,0.255,12.299999999999999,5.11,21.805,0.0,0.0,default,4
0.1743364334106445,213,300,5.055,0.495,14.504999999999999,7.21,27.265,0.0,0.0,default,1
0.1478471755981445,214,300,4.4399999999999995,0.30000000000000004,12.735,5.33,22.805,0.0,0.0,default,4
0.1588129997253418,215,300,5.550000000000001,0.375,15.975000000000001,6.53,28.430000000000003,0.0,0.0,default,1
0.1954188346862793,216,300,5.025,0.405,14.265,7.03,26.725,0.0,0.0,default,1
0.1840066909790039,217,300,4.425000000000001,0.27,12.495000000000001,5.89,23.080000000000002,0.0,0.0,default,4
0.2007465362548828,218,300,4.050000000000001,0.46499999999999997,11.595,7.19,23.3,0.0,0.0,default,4
0.223123550415039,219,300,4.9799999999999995,0.495,14.325000000000001,7.8,27.6,0.0,0.0,default,1
0.1709132194519043,220,300,5.34,0.33,15.135,6.39,27.195,0.0,0.0,default,1
0.193610668182373,221,300,6.074999999999999,0.34500000000000003,17.37,7.26,31.049999999999997,0.0,0.0,default,1
0.2017185688018798,222,300,4.800000000000001,0.44999999999999996,13.695,7.17,26.115000000000002,0.0,0.0,default,1
0.2150046825408935,223,300,4.245,0.46499999999999997,12.09,7.06,23.86,0.0,0.0,default,1
0.2023336887359619,224,300,4.245,0.39,12.03,6.78,23.445,0.0,0.0,default,4
0.2118666172027588,225,300,4.215,0.43499999999999994,12.0,7.12,23.77,0.0,0.0,default,1
0.1904187202453613,226,300,4.4399999999999995,0.42000000000000004,12.765,6.81,24.435,0.0,0.0,default,1
0.3915669918060303,227,300,4.47,0.36,12.66,6.64,24.130000000000003,0.0,0.0,default,1
0.228201150894165,228,300,3.4499999999999997,0.22499999999999998,9.600000000000001,4.39,17.665000000000003,0.0,0.0,default,4
0.2397487163543701,229,300,3.4050000000000002,0.22499999999999998,9.48,4.63,17.740000000000002,0.0,0.0,default,4
0.1554207801818847,230,300,4.035,0.375,11.67,5.68,21.759999999999998,0.0,0.0,default,4
0.1692609786987304,231,300,4.305,0.405,12.600000000000001,6.11,23.42,0.0,0.0,default,4
0.1379308700561523,232,300,4.29,0.28500000000000003,12.465,5.02,22.06,0.0,0.0,default,4
0.1607234477996826,233,300,4.455,0.33,12.975000000000001,5.83,23.590000000000003,0.0,0.0,default,1
0.1425948143005371,234,300,3.96,0.315,11.49,5.1,20.865000000000002,0.0,0.0,default,4
0.1359682083129882,235,300,4.035,0.165,11.58,4.28,20.060000000000002,0.0,0.0,default,4
0.1570541858673095,236,300,4.0649999999999995,0.28500000000000003,11.745000000000001,5.33,21.424999999999997,0.0,0.0,default,4
0.1967878341674804,237,300,4.53,0.43499999999999994,12.855,7.02,24.84,0.0,0.0,default,1
0.2048516273498535,238,300,4.5,0.5249999999999999,12.885,7.65,25.560000000000002,0.0,0.0,default,1
0.213667631149292,239,300,5.3100000000000005,0.5249999999999999,15.27,8.21,29.315,0.0,0.0,default,1
0.1829147338867187,240,300,4.5600000000000005,0.34500000000000003,12.870000000000001,6.28,24.055000000000003,0.0,0.0,default,1
0.8352577686309814,241,300,25.259999999999998,8.97,31.11,16.19,81.53,0.0,0.0,default,3
0.0531935691833496,242,300,0.0,0.0,0.0,0.06,0.06,0.0,0.0,default,0
0.1843352317810058,243,300,0.51,0.5549999999999999,1.47,5.33,7.865,0.0,0.0,default,0
0.1614654064178466,244,300,0.54,0.5249999999999999,1.4849999999999999,4.38,6.93,0.0,0.0,default,0
0.125619888305664,245,300,0.51,0.42000000000000004,1.365,3.55,5.845,0.0,0.0,default,0
0.1501667499542236,246,300,0.54,0.6000000000000001,1.53,4.83,7.5,0.0,0.0,default,0
0.1457569599151611,247,300,0.5700000000000001,0.585,1.5,4.4,7.055000000000001,0.0,0.0,default,0
0.1430516242980957,248,300,0.54,0.5700000000000001,1.5150000000000001,4.57,7.195,0.0,0.0,default,0
0.1329264640808105,249,300,0.51,0.51,1.44,4.18,6.64,0.0,0.0,default,0
0.1394286155700683,250,300,0.54,0.5700000000000001,1.5150000000000001,4.69,7.315,0.0,0.0,default,0
0.1464271545410156,251,300,0.51,0.645,1.545,5.25,7.95,0.0,0.0,default,0
0.1513922214508056,252,300,0.54,0.66,1.5750000000000002,5.3,8.075,0.0,0.0,default,0
0.1389281749725341,253,300,0.51,0.585,1.5,4.72,7.3149999999999995,0.0,0.0,default,0
0.1408185958862304,254,300,0.54,0.6000000000000001,1.545,4.85,7.535,0.0,0.0,default,0
0.1261436939239502,255,300,0.51,0.48,1.4249999999999998,3.93,6.345000000000001,0.0,0.0,default,0
0.1410462856292724,256,300,0.54,0.5700000000000001,1.5150000000000001,4.66,7.285,0.0,0.0,default,0
0.1438167095184326,257,300,0.51,0.6000000000000001,1.5150000000000001,4.94,7.565,0.0,0.0,default,0
0.1426432132720947,258,300,0.54,0.6000000000000001,1.545,4.85,7.535,0.0,0.0,default,0
0.1375994682312011,259,300,0.51,0.5700000000000001,1.4849999999999999,4.57,7.135,0.0,0.0,default,0
0.1460199356079101,260,300,0.54,0.615,1.56,5.03,7.745,0.0,0.0,default,0
0.1362855434417724,261,300,0.5249999999999999,0.5249999999999999,1.455,4.49,6.995,0.0,0.0,default,0
0.1426694393157959,262,300,0.54,0.6000000000000001,1.53,4.74,7.41,0.0,0.0,default,0
0.1427230834960937,263,300,0.51,0.615,1.53,5.06,7.715,0.0,0.0,default,0
0.1440167427062988,264,300,0.54,0.6000000000000001,1.53,4.8,7.47,0.0,0.0,default,0
0.1627659797668457,265,300,0.51,0.495,1.44,4.28,6.725,0.0,0.0,default,0
0.2156023979187011,266,300,4.68,0.44999999999999996,13.424999999999999,6.83,25.384999999999998,0.0,0.0,default,1
0.1861608028411865,267,300,4.905,0.27,13.89,6.01,25.075000000000003,0.0,0.0,default,1
0.1992926597595214,268,300,4.785,0.33,13.620000000000001,6.56,25.294999999999998,0.0,0.0,default,1
0.2296559810638427,269,300,4.755,0.46499999999999997,13.665,7.16,26.044999999999998,0.0,0.0,default,1
0.1985964775085449,270,300,4.89,0.43499999999999994,13.950000000000001,7.0,26.275,0.0,0.0,default,1
0.1862938404083252,271,300,4.83,0.28500000000000003,13.754999999999999,6.17,25.04,0.0,0.0,default,1
0.2009651660919189,272,300,4.71,0.375,13.485,6.79,25.36,0.0,0.0,default,1
0.1892838478088379,273,300,4.9350000000000005,0.375,14.04,6.58,25.93,0.0,0.0,default,1
0.1858501434326172,274,300,4.949999999999999,0.255,13.98,6.03,25.215,0.0,0.0,default,1
0.197878360748291,275,300,4.89,0.33,13.919999999999998,6.62,25.759999999999998,0.0,0.0,default,1
0.1960570812225341,276,300,4.965,0.42000000000000004,14.145,7.01,26.54,0.0,0.0,default,1
0.1876070499420166,277,300,4.905,0.28500000000000003,13.934999999999999,6.21,25.335,0.0,0.0,default,1
0.193458080291748,278,300,4.71,0.36,13.47,6.75,25.29,0.0,0.0,default,1
0.1899175643920898,279,300,4.9350000000000005,0.39,14.055,6.6,25.979999999999997,0.0,0.0,default,1
0.1851429939270019,280,300,4.9350000000000005,0.27,13.950000000000001,6.06,25.215,0.0,0.0,default,1
0.1924309730529785,281,300,4.83,0.33,13.754999999999999,6.56,25.474999999999998,0.0,0.0,default,1
0.190028429031372,282,300,4.965,0.405,14.115,6.84,26.325,0.0,0.0,default,1
0.1842780113220214,283,300,4.89,0.27,13.875,6.09,25.125,0.0,0.0,default,1
0.1903011798858642,284,300,4.695,0.36,13.440000000000001,6.67,25.165,0.0,0.0,default,1
0.1897494792938232,285,300,4.949999999999999,0.405,14.07,6.84,26.265,0.0,0.0,default,1
0.1884350776672363,286,300,4.92,0.27,13.934999999999999,6.11,25.235,0.0,0.0,default,1
0.189197301864624,287,300,4.695,0.36,13.440000000000001,6.64,25.135,0.0,0.0,default,1
0.1873774528503418,288,300,4.965,0.375,14.07,6.49,25.9,0.0,0.0,default,1
0.1824638843536377,289,300,4.905,0.255,13.905,5.96,25.025,0.0,0.0,default,1
0.1894876956939697,290,300,4.800000000000001,0.33,13.649999999999999,6.44,25.220000000000002,0.0,0.0,default,1
0.1855854988098144,291,300,4.965,0.375,14.085,6.45,25.875,0.0,0.0,default,1
0.1808037757873535,292,300,4.905,0.255,13.86,5.94,24.96,0.0,0.0,default,1
0.1877596378326416,293,300,4.665,0.34500000000000003,13.350000000000001,6.55,24.91,0.0,0.0,default,1
0.1781761646270752,294,300,5.055,0.24,14.115,6.09,25.5,0.0,0.0,default,1
0.1761507987976074,295,300,4.89,0.22499999999999998,13.799999999999999,5.63,24.544999999999998,0.0,0.0,default,1
0.1816544532775879,296,300,4.755,0.28500000000000003,13.5,6.12,24.66,0.0,0.0,default,1
0.1419997215270996,297,300,5.550000000000001,0.27,15.75,5.52,27.09,0.0,0.0,default,1
0.1484169960021972,298,300,5.324999999999999,0.24,15.105,5.48,26.150000000000002,0.0,0.0,default,1
0.1124420166015625,299,300,3.96,0.21000000000000002,11.28,4.03,19.48,0.0,0.0,default,4
0.136721134185791,300,300,4.08,0.30000000000000004,12.825000000000001,5.15,22.355000000000004,0.0,0.0,default,4
0.1228072643280029,301,300,4.800000000000001,0.24,13.919999999999998,4.83,23.79,0.0,0.0,default,1
0.1360211372375488,302,300,5.025,0.22499999999999998,14.549999999999999,5.03,24.83,0.0,0.0,default,1
0.2014446258544922,303,300,4.725,0.34500000000000003,13.440000000000001,6.31,24.82,0.0,0.0,default,1
0.1988277435302734,304,300,4.515,0.30000000000000004,12.765,6.1,23.68,0.0,0.0,default,1
0.2066333293914795,305,300,6.24,0.375,17.955000000000002,7.41,31.98,0.0,0.0,default,1
0.1976284980773925,306,300,6.165000000000001,0.36,17.685,7.54,31.75,0.0,0.0,default,1
0.1746902465820312,307,300,5.67,0.30000000000000004,16.14,6.41,28.52,0.0,0.0,default,1
0.1753625869750976,308,300,5.805,0.255,16.47,6.41,28.939999999999998,0.0,0.0,default,1
0.1900901794433593,309,300,5.25,0.30000000000000004,14.895,6.26,26.705,0.0,0.0,default,1
0.4091062545776367,310,300,5.205,0.22499999999999998,14.669999999999998,5.81,25.909999999999997,0.0,0.0,default,1
0.1893153190612793,311,300,5.16,0.255,14.595,5.9,25.910000000000004,0.0,0.0,default,1
0.1925256252288818,312,300,5.16,0.22499999999999998,14.535,5.87,25.790000000000003,0.0,0.0,default,1
0.218010663986206,313,300,4.89,0.33,13.905,6.25,25.375,0.0,0.0,default,1
0.2075886726379394,314,300,4.86,0.33,13.86,6.5,25.55,0.0,0.0,default,1
0.2165946960449218,315,300,4.8149999999999995,0.48,13.86,7.14,26.295,0.0,0.0,default,1
0.1980626583099365,316,300,4.845,0.30000000000000004,13.754999999999999,6.24,25.14,0.0,0.0,default,1
0.1768672466278076,317,300,4.11,0.315,11.55,5.67,21.645000000000003,0.0,0.0,default,4
0.1884667873382568,318,300,5.265,0.30000000000000004,14.985,6.4,26.949999999999996,0.0,0.0,default,1
0.1755774021148681,319,300,5.175000000000001,0.22499999999999998,14.669999999999998,5.73,25.8,0.0,0.0,default,1
0.1752002239227295,320,300,4.875,0.22499999999999998,13.68,5.62,24.400000000000002,0.0,0.0,default,1
0.2071146965026855,321,300,3.945,0.46499999999999997,11.28,6.64,22.33,0.0,0.0,default,4
0.1888272762298584,322,300,4.095,0.36,11.55,6.1,22.105000000000004,0.0,0.0,default,4
0.2049860954284668,323,300,5.655,0.34500000000000003,16.169999999999998,6.97,29.139999999999997,0.0,0.0,default,1
0.2045872211456298,324,300,6.135,0.34500000000000003,17.595,7.28,31.355,0.0,0.0,default,1
0.1807429790496826,325,300,5.34,0.27,15.105,5.97,26.685,0.0,0.0,default,1
0.1825706958770752,326,300,6.135,0.22499999999999998,17.43,6.34,30.13,0.0,0.0,default,1
0.192638874053955,327,300,4.0649999999999995,0.39,11.52,6.29,22.264999999999997,0.0,0.0,default,4
0.1755471229553222,328,300,5.085,0.375,14.46,6.47,26.39,0.0,0.0,default,1
0.163919448852539,329,300,4.995,0.195,14.129999999999999,5.34,24.66,0.0,0.0,default,1
0.1695435047149658,330,300,5.085,0.21000000000000002,14.370000000000001,5.63,25.294999999999998,0.0,0.0,default,1
0.1935725212097168,331,300,4.0649999999999995,0.405,11.55,6.45,22.47,0.0,0.0,default,4
0.1949281692504882,332,300,5.835,0.39,16.755,7.3,30.279999999999998,0.0,0.0,default,1
0.1921949386596679,333,300,5.1,0.24,14.399999999999999,5.85,25.589999999999996,0.0,0.0,default,1
0.2223825454711914,334,300,4.11,0.42000000000000004,11.715,6.56,22.805,0.0,0.0,default,4
0.225161075592041,335,300,5.22,0.5249999999999999,15.135,8.05,28.93,0.0,0.0,default,1
0.1848642826080322,336,300,5.025,0.33,14.265,6.43,26.05,0.0,0.0,default,1
0.210195779800415,337,300,5.43,0.46499999999999997,15.645,7.64,29.18,0.0,0.0,default,1
0.2017745971679687,338,300,4.68,0.43499999999999994,13.395,7.01,25.519999999999996,0.0,0.0,default,1
0.1831328868865966,339,300,4.050000000000001,0.34500000000000003,11.415000000000001,5.97,21.78,0.0,0.0,default,4
0.1761496067047119,340,300,4.095,0.30000000000000004,11.475000000000001,5.68,21.55,0.0,0.0,default,4
0.1920559406280517,341,300,4.095,0.375,11.55,6.26,22.28,0.0,0.0,default,4
0.19161057472229,342,300,4.155,0.39,11.73,6.41,22.685,0.0,0.0,default,4
0.1929206848144531,343,300,4.335,0.39,12.315000000000001,6.14,23.18,0.0,0.0,default,4
0.1646811962127685,344,300,4.949999999999999,0.18,13.845,5.2,24.175,0.0,0.0,default,1
0.1694033145904541,345,300,5.07,0.18,14.190000000000001,5.42,24.86,0.0,0.0,default,1
0.1918277740478515,346,300,5.01,0.28500000000000003,14.129999999999999,6.36,25.784999999999997,0.0,0.0,default,1
0.1056630611419677,347,300,3.2249999999999996,0.15000000000000002,9.615,3.19,16.18,0.0,0.0,default,4
0.2022914886474609,348,300,3.7199999999999998,0.375,10.395,5.8,20.29,0.0,0.0,default,4
0.2024726867675781,349,300,5.625,0.315,16.185,6.66,28.785,0.0,0.0,default,1
0.2077858448028564,350,300,5.04,0.405,14.399999999999999,7.18,27.025,0.0,0.0,default,1
0.1789848804473877,351,300,4.65,0.24,13.080000000000002,5.51,23.480000000000004,0.0,0.0,default,1
0.1683313846588134,352,300,4.68,0.18,13.11,5.16,23.13,0.0,0.0,default,4
0.1733291149139404,353,300,4.515,0.22499999999999998,12.72,5.32,22.78,0.0,0.0,default,4
0.1602230072021484,354,300,4.9799999999999995,0.22499999999999998,14.145,4.96,24.31,0.0,0.0,default,1
0.1725623607635498,355,300,5.13,0.195,14.205000000000002,5.28,24.810000000000002,0.0,0.0,default,1
0.1706271171569824,356,300,5.13,0.18,14.16,5.26,24.729999999999997,0.0,0.0,default,1
0.1800260543823242,357,300,6.045,0.28500000000000003,17.25,6.47,30.049999999999997,0.0,0.0,default,1
0.1725680828094482,358,300,6.029999999999999,0.21000000000000002,17.115000000000002,5.95,29.305,0.0,0.0,default,1
0.1797201633453369,359,300,6.074999999999999,0.24,17.28,6.29,29.884999999999998,0.0,0.0,default,1
0.1759223937988281,360,300,6.105,0.22499999999999998,17.31,6.15,29.79,0.0,0.0,default,1
0.1769802570343017,361,300,6.0,0.24,17.1,6.2,29.540000000000003,0.0,0.0,default,1
0.1845660209655761,362,300,6.165000000000001,0.315,17.549999999999997,6.67,30.699999999999996,0.0,0.0,default,1
0.1775441169738769,363,300,6.12,0.21000000000000002,17.4,6.04,29.769999999999996,0.0,0.0,default,1
0.1854364871978759,364,300,6.165000000000001,0.255,17.565,6.47,30.455000000000002,0.0,0.0,default,1
0.1770291328430175,365,300,6.1499999999999995,0.195,17.46,6.02,29.825,0.0,0.0,default,1
0.1835629940032959,366,300,6.135,0.255,17.475,6.44,30.305000000000003,0.0,0.0,default,1
0.2206981182098388,367,300,4.4399999999999995,0.375,12.585,6.48,23.88,0.0,0.0,default,1
0.2143812179565429,368,300,4.71,0.495,13.559999999999999,7.64,26.405,0.0,0.0,default,1
0.2253835201263427,369,300,6.48,0.43499999999999994,18.6,8.11,33.625,0.0,0.0,default,1
0.2227380275726318,370,300,7.005,0.46499999999999997,20.235,8.91,36.614999999999995,0.0,0.0,default,1
0.2121889591217041,371,300,6.66,0.39,19.14,8.12,34.31,0.0,0.0,default,1
0.2062563896179199,372,300,5.775,0.39,16.335,7.01,29.509999999999998,0.0,0.0,default,1
0.2077651023864746,373,300,5.64,0.43499999999999994,16.215,7.65,29.939999999999998,0.0,0.0,default,1
0.223151683807373,374,300,5.985,0.5700000000000001,17.355,8.92,32.83,0.0,0.0,default,1
0.2257411479949951,375,300,6.09,0.5700000000000001,17.685,9.03,33.375,0.0,0.0,default,1
0.168837308883667,376,300,4.7700000000000005,0.30000000000000004,13.29,5.75,24.11,0.0,0.0,default,1
0.1641724109649658,377,300,4.29,0.34500000000000003,12.135,5.73,22.5,0.0,0.0,default,4
0.2043104171752929,378,300,4.11,0.315,11.565,5.95,21.94,0.0,0.0,default,4
6.543779611587524,379,300,52.815,1.6949999999999998,50.565,25.79,130.86499999999998,0.0,0.0,default,2
0.0806343555450439,380,300,0.0,0.0,0.0,0.06,0.06,0.0,0.0,default,0
0.2163872718811035,381,300,0.6000000000000001,0.675,1.6949999999999998,5.49,8.46,0.0,0.0,default,0
0.1878681182861328,382,300,0.54,0.63,1.56,5.01,7.74,0.0,0.0,default,0
0.1697621345520019,383,300,0.6000000000000001,0.6000000000000001,1.6500000000000001,4.89,7.74,0.0,0.0,default,0
0.1758146286010742,384,300,0.54,0.615,1.545,5.04,7.74,0.0,0.0,default,0
0.1669001579284668,385,300,0.6000000000000001,0.585,1.6350000000000002,4.84,7.66,0.0,0.0,default,0
0.1631171703338623,386,300,0.54,0.5700000000000001,1.5150000000000001,4.6,7.225,0.0,0.0,default,0
0.1741440296173095,387,300,0.6000000000000001,0.66,1.6800000000000002,5.35,8.29,0.0,0.0,default,0
0.1700117588043213,388,300,0.54,0.63,1.56,5.08,7.8100000000000005,0.0,0.0,default,0
0.1456010341644287,389,300,0.6000000000000001,0.42000000000000004,1.5,3.53,6.05,0.0,0.0,default,0
0.2592852115631103,390,300,4.53,0.495,13.02,7.45,25.495,0.0,0.0,default,1
0.2241625785827636,391,300,5.085,0.405,14.385,7.09,26.965,0.0,0.0,default,1
0.2149431705474853,392,300,4.92,0.33,13.98,6.44,25.67,0.0,0.0,default,1
0.2259769439697265,393,300,5.25,0.44999999999999996,14.924999999999999,7.47,28.095,0.0,0.0,default,1
0.7804968357086182,394,300,5.1899999999999995,0.44999999999999996,14.850000000000001,7.37,27.860000000000003,0.0,0.0,default,1
0.2418971061706543,395,300,5.595,0.405,15.885,7.41,29.294999999999998,0.0,0.0,default,1
0.2475636005401611,396,300,5.13,0.34500000000000003,14.595,6.39,26.46,0.0,0.0,default,1
0.2167506217956543,397,300,4.995,0.22499999999999998,13.965,5.55,24.735,0.0,0.0,default,1
0.214555025100708,398,300,4.86,0.195,13.620000000000001,5.34,24.015,0.0,0.0,default,1
0.2276008129119873,399,300,5.22,0.34500000000000003,14.76,6.55,26.875,0.0,0.0,default,1
0.2181074619293213,400,300,4.89,0.24,13.785,5.7,24.615,0.0,0.0,default,1
0.2166438102722168,401,300,4.92,0.22499999999999998,13.725000000000001,5.53,24.400000000000002,0.0,0.0,default,1
0.2139441967010498,402,300,4.0649999999999995,0.28500000000000003,11.16,5.42,20.93,0.0,0.0,default,4
0.2130458354949951,403,300,4.125,0.30000000000000004,11.25,5.62,21.295,0.0,0.0,default,4
0.2221229076385498,404,300,4.83,0.33,13.68,6.29,25.13,0.0,0.0,default,1
0.221916913986206,405,300,4.905,0.28500000000000003,13.74,6.12,25.05,0.0,0.0,default,1
0.2208538055419922,406,300,4.83,0.33,13.68,6.32,25.16,0.0,0.0,default,1
0.2317440509796142,407,300,4.89,0.28500000000000003,13.725000000000001,6.19,25.090000000000003,0.0,0.0,default,1
0.1705367565155029,408,300,2.985,0.22499999999999998,8.28,4.01,15.499999999999998,0.0,0.0,default,4
0.1721019744873047,409,300,3.0300000000000002,0.22499999999999998,8.325,4.02,15.6,0.0,0.0,default,4
0.2403292655944824,410,300,4.800000000000001,0.315,13.575000000000001,6.05,24.740000000000002,0.0,0.0,default,1
0.2130758762359619,411,300,4.9350000000000005,0.22499999999999998,13.77,5.59,24.52,0.0,0.0,default,1
0.2254354953765869,412,300,4.800000000000001,0.33,13.575000000000001,6.25,24.955000000000002,0.0,0.0,default,1
0.2157623767852783,413,300,4.92,0.24,13.754999999999999,5.77,24.685,0.0,0.0,default,1
0.1802618503570556,414,300,3.3600000000000003,0.24,9.24,4.38,17.22,0.0,0.0,default,4
0.1839945316314697,415,300,3.42,0.255,9.345,4.58,17.6,0.0,0.0,default,4
0.2301087379455566,416,300,4.905,0.36,13.934999999999999,6.53,25.73,0.0,0.0,default,1
0.2329990863800048,417,300,4.9799999999999995,0.315,14.024999999999999,6.46,25.78,0.0,0.0,default,1
0.1951091289520263,418,300,3.615,0.28500000000000003,10.004999999999999,5.07,18.975,0.0,0.0,default,4
0.2611138820648193,419,300,4.875,0.375,13.74,6.54,25.53,0.0,0.0,default,1
0.2363853454589843,420,300,4.845,0.24,13.649999999999999,5.74,24.475,0.0,0.0,default,1
0.2370367050170898,421,300,4.875,0.34500000000000003,13.71,6.37,25.3,0.0,0.0,default,1
0.2290282249450683,422,300,4.83,0.255,13.635,5.74,24.46,0.0,0.0,default,1
0.1527876853942871,423,300,2.745,0.165,7.485,3.08,13.475,0.0,0.0,default,4
0.1583878993988037,424,300,2.73,0.195,7.529999999999999,3.36,13.814999999999998,0.0,0.0,default,4
0.1730761528015136,425,300,3.1049999999999995,0.22499999999999998,8.475000000000001,3.92,15.725000000000001,0.0,0.0,default,4
0.1572840213775634,426,300,2.745,0.195,7.5600000000000005,3.34,13.84,0.0,0.0,default,4
0.1712849140167236,427,300,3.1049999999999995,0.22499999999999998,8.475000000000001,3.89,15.695000000000002,0.0,0.0,default,4
0.2524857521057129,428,300,5.265,0.42000000000000004,15.044999999999998,7.2,27.929999999999996,0.0,0.0,default,1
0.2313835620880127,429,300,4.905,0.36,13.845,6.8,25.91,0.0,0.0,default,1
0.2217710018157959,430,300,3.93,0.28500000000000003,11.01,5.64,20.865,0.0,0.0,default,4
0.1755819320678711,431,300,5.865,0.255,16.815,5.6,28.535000000000004,0.0,0.0,default,1
0.2054626941680908,432,300,4.275,0.255,11.94,5.45,21.919999999999998,0.0,0.0,default,4
0.24184250831604,433,300,4.83,0.315,13.635,6.03,24.810000000000002,0.0,0.0,default,1
0.2299466133117675,434,300,4.695,0.27,13.305,5.84,24.11,0.0,0.0,default,1
0.2154622077941894,435,300,4.965,0.315,13.995000000000001,6.18,25.455000000000002,0.0,0.0,default,1
0.2175273895263672,436,300,4.845,0.24,13.68,5.78,24.545,0.0,0.0,default,1
0.2200033664703369,437,300,4.9799999999999995,0.315,14.01,6.14,25.445,0.0,0.0,default,1
0.2188794612884521,438,300,4.875,0.24,13.754999999999999,5.79,24.659999999999997,0.0,0.0,default,1
0.2218396663665771,439,300,4.9799999999999995,0.315,14.01,6.21,25.515,0.0,0.0,default,1
0.2266469001770019,440,300,4.845,0.30000000000000004,13.74,6.28,25.165,0.0,0.0,default,1
0.2147691249847412,441,300,4.965,0.30000000000000004,13.965,6.16,25.39,0.0,0.0,default,1
0.2164144515991211,442,300,4.86,0.27,13.725000000000001,6.04,24.895000000000003,0.0,0.0,default,1
0.2170417308807373,443,300,4.965,0.315,13.98,6.28,25.540000000000003,0.0,0.0,default,1
0.2117209434509277,444,300,4.845,0.255,13.695,5.82,24.615000000000002,0.0,0.0,default,1
0.2710437774658203,445,300,5.8950000000000005,0.5249999999999999,17.04,8.47,31.93,0.0,0.0,default,1
0.2350358963012695,446,300,5.955,0.44999999999999996,17.22,7.86,31.485,0.0,0.0,default,1
0.2392504215240478,447,300,5.955,0.405,17.1,7.84,31.3,0.0,0.0,default,1
0.2486104965209961,448,300,5.97,0.51,17.325000000000003,8.33,32.135000000000005,0.0,0.0,default,1
0.2244231700897216,449,300,5.265,0.375,14.955000000000002,6.77,27.365000000000002,0.0,0.0,default,1
0.2041480541229248,450,300,5.175000000000001,0.21000000000000002,14.655,5.6,25.64,0.0,0.0,default,1
0.2065582275390625,451,300,3.945,0.315,11.07,5.62,20.95,0.0,0.0,default,4
0.2231576442718505,452,300,5.01,0.39,14.34,6.83,26.57,0.0,0.0,default,1
0.2234983444213867,453,300,5.175000000000001,0.315,14.73,6.57,26.790000000000003,0.0,0.0,default,1
0.215623140335083,454,300,5.04,0.28500000000000003,14.385,6.18,25.89,0.0,0.0,default,1
0.2488760948181152,455,300,5.550000000000001,0.39,15.915,7.56,29.415,0.0,0.0,default,1
0.2317712306976318,456,300,5.01,0.44999999999999996,14.46,7.4,27.32,0.0,0.0,default,1
0.2227308750152588,457,300,5.1899999999999995,0.315,14.76,6.51,26.775,0.0,0.0,default,1
0.2368428707122802,458,300,5.07,0.36,14.52,6.99,26.939999999999998,0.0,0.0,default,1
0.2099230289459228,459,300,5.04,0.27,14.700000000000001,6.0,26.01,0.0,0.0,default,1
0.083683967590332,460,300,0.0,0.0,0.0,0.06,0.06,0.0,0.0,default,0
0.5059852600097656,461,300,33.615,4.32,59.715,24.3,121.95,0.0,0.0,default,2
0.0837728977203369,462,300,0.0,0.0,0.0,0.06,0.06,0.0,0.0,default,0
0.2018139362335205,463,300,0.51,0.51,1.41,4.12,6.55,0.0,0.0,default,0
0.1521742343902588,464,300,0.54,0.375,1.365,3.12,5.4,0.0,0.0,default,0
0.1828513145446777,465,300,2.7750000000000004,0.18,7.6499999999999995,3.45,14.055,0.0,0.0,default,4
0.1777629852294922,466,300,3.255,0.255,8.925,4.29,16.725,0.0,0.0,default,4
0.217982530593872,467,300,5.28,0.39,15.165,6.84,27.675,0.0,0.0,default,1
0.226738691329956,468,300,4.8149999999999995,0.33,13.649999999999999,6.39,25.185,0.0,0.0,default,1
0.2281663417816162,469,300,4.86,0.315,13.815000000000001,6.43,25.42,0.0,0.0,default,1
0.2220234870910644,470,300,4.725,0.33,13.424999999999999,6.39,24.869999999999997,0.0,0.0,default,1
0.1537001132965088,471,300,3.255,0.21000000000000002,9.375,3.75,16.59,0.0,0.0,default,4
0.2175164222717285,472,300,4.800000000000001,0.33,13.605,6.25,24.985,0.0,0.0,default,1
0.2199196815490722,473,300,4.695,0.34500000000000003,13.335,6.41,24.785,0.0,0.0,default,1
0.0835402011871337,474,300,0.0,0.0,0.0,0.06,0.06,0.0,0.0,default,0
0.4912915229797363,475,300,19.995,13.365,42.39,15.38,91.13,0.0,0.0,default,3
0.0836684703826904,476,300,0.0,0.0,0.0,0.06,0.06,0.0,0.0,default,0
0.2220346927642822,477,300,0.51,0.675,1.545,5.41,8.14,0.0,0.0,default,0
0.1689510345458984,478,300,0.54,0.495,1.455,4.05,6.54,0.0,0.0,default,0
0.224332571029663,479,300,0.495,0.195,1.185,2.34,4.215,0.0,0.0,default,0
0.1812396049499511,480,300,0.54,0.33,1.335,3.2,5.405,0.0,0.0,default,0
0.1731796264648437,481,300,0.51,0.44999999999999996,1.3800000000000001,3.76,6.1,0.0,0.0,default,0
0.1447193622589111,482,300,0.54,0.28500000000000003,1.29,2.3,4.415,0.0,0.0,default,0
0.2493419647216797,483,300,4.83,0.48,13.665,7.06,26.035,0.0,0.0,default,1
0.2328488826751709,484,300,5.175000000000001,0.315,14.82,6.52,26.830000000000002,0.0,0.0,default,1
0.2340791225433349,485,300,5.475,0.36,15.405,6.86,28.099999999999998,0.0,0.0,default,1
0.2184293270111084,486,300,5.115,0.30000000000000004,14.715,6.29,26.419999999999998,0.0,0.0,default,1
0.2349355220794677,487,300,5.91,0.33,16.634999999999998,6.9,29.775,0.0,0.0,default,1
0.2256474494934082,488,300,5.925000000000001,0.28500000000000003,17.04,6.58,29.83,0.0,0.0,default,1
0.2276298999786377,489,300,6.255,0.36,17.805,7.16,31.580000000000002,0.0,0.0,default,1
0.2279739379882812,490,300,6.3149999999999995,0.28500000000000003,17.835,6.7,31.135,0.0,0.0,default,1
0.1577053070068359,491,300,4.9799999999999995,0.22499999999999998,14.79,4.85,24.845,0.0,0.0,default,1
0.2306447029113769,492,300,5.055,0.375,14.535,6.68,26.645,0.0,0.0,default,1
0.2164034843444824,493,300,5.025,0.34500000000000003,14.415,6.27,26.055,0.0,0.0,default,1
0.25404953956604,494,300,4.86,0.46499999999999997,13.74,7.18,26.245,0.0,0.0,default,1
0.2326788902282714,495,300,5.205,0.33,15.195,6.67,27.4,0.0,0.0,default,1
0.2325665950775146,496,300,5.055,0.46499999999999997,14.415,7.35,27.284999999999997,0.0,0.0,default,1
0.2266557216644287,497,300,5.37,0.375,15.825000000000001,7.08,28.65,0.0,0.0,default,1
0.2253985404968261,498,300,5.07,0.375,14.580000000000002,6.63,26.655,0.0,0.0,default,1
0.2170944213867187,499,300,5.04,0.34500000000000003,14.46,6.3,26.145,0.0,0.0,default,1
0.0839242935180664,500,300,0.0,0.0,0.0,0.06,0.06,0.0,0.0,default,0
1.1341922283172607,501,300,31.244999999999997,8.084999999999999,52.755,23.38,115.465,0.0,0.0,default,2
0.0837745666503906,502,300,0.0,0.0,0.0,0.06,0.06,0.0,0.0,default,0
0.2226409912109375,503,300,0.46499999999999997,0.585,1.41,4.65,7.11,0.0,0.0,default,0
0.1746246814727783,504,300,0.54,0.5249999999999999,1.4849999999999999,4.29,6.84,0.0,0.0,default,0
0.1858551502227783,505,300,0.46499999999999997,0.5700000000000001,1.395,4.62,7.050000000000001,0.0,0.0,default,0
0.1791989803314209,506,300,0.5549999999999999,0.5700000000000001,1.545,4.88,7.55,0.0,0.0,default,0
0.1591577529907226,507,300,0.46499999999999997,0.24,1.1400000000000001,2.45,4.295,0.0,0.0,default,0
0.166736364364624,508,300,0.6000000000000001,0.43499999999999994,1.41,3.37,5.815,0.0,0.0,default,0
0.1739747524261474,509,300,0.46499999999999997,0.315,1.2000000000000002,3.09,5.07,0.0,0.0,default,0
0.2116012573242187,510,300,3.6750000000000003,0.24,10.11,4.76,18.784999999999997,0.0,0.0,default,4
0.2497661113739013,511,300,4.545,0.42000000000000004,13.049999999999999,6.84,24.855,0.0,0.0,default,1
0.1977696418762207,512,300,4.095,0.27,11.399999999999999,5.27,21.034999999999997,0.0,0.0,default,4
0.2015810012817382,513,300,3.99,0.315,11.265,5.54,21.11,0.0,0.0,default,4
0.2041785717010498,514,300,4.2299999999999995,0.30000000000000004,11.865,5.62,22.015,0.0,0.0,default,4
0.232490062713623,515,300,4.74,0.44999999999999996,13.620000000000001,7.01,25.82,0.0,0.0,default,1
0.2197175025939941,516,300,4.995,0.28500000000000003,14.129999999999999,6.29,25.7,0.0,0.0,default,1
0.2157385349273681,517,300,4.47,0.375,12.465,6.13,23.439999999999998,0.0,0.0,default,4
0.2573094367980957,518,300,5.1450000000000005,0.63,14.97,8.68,29.425,0.0,0.0,default,1
0.2320375442504882,519,300,6.09,0.46499999999999997,17.46,7.9,31.915,0.0,0.0,default,1
0.2439544200897216,520,300,5.595,0.46499999999999997,16.035,7.66,29.755,0.0,0.0,default,1
0.2384908199310302,521,300,6.33,0.51,18.36,8.29,33.489999999999995,0.0,0.0,default,1
0.2083351612091064,522,300,4.574999999999999,0.27,12.705000000000002,5.7,23.25,0.0,0.0,default,4
0.2333676815032959,523,300,5.43,0.5700000000000001,15.809999999999999,8.06,29.869999999999997,0.0,0.0,default,1
0.215533971786499,524,300,4.155,0.315,11.655,5.64,21.765,0.0,0.0,default,4
0.2094955444335937,525,300,4.0200000000000005,0.33,11.399999999999999,5.74,21.490000000000002,0.0,0.0,default,4
0.0838212966918945,526,300,0.0,0.0,0.0,0.06,0.06,0.0,0.0,default,0
0.6128654479980469,527,300,43.335,8.129999999999999,51.19500000000001,23.21,125.87,0.0,0.0,default,2
0.0836544036865234,528,300,0.0,0.0,0.0,0.06,0.06,0.0,0.0,default,0
0.2069587707519531,529,300,0.44999999999999996,0.54,1.35,4.39,6.7299999999999995,0.0,0.0,default,0
0.1447408199310302,530,300,0.54,0.30000000000000004,1.305,2.62,4.765000000000001,0.0,0.0,default,0
0.2733068466186523,531,300,3.84,0.48,10.995000000000001,6.77,22.085,0.0,0.0,default,4
0.2663869857788086,532,300,4.26,0.44999999999999996,12.18,7.04,23.93,0.0,0.0,default,1
0.2542657852172851,533,300,3.8549999999999995,0.39,11.055,6.18,21.479999999999997,0.0,0.0,default,4
0.2259747982025146,534,300,3.99,0.34500000000000003,11.265,5.9,21.5,0.0,0.0,default,4
0.2490298748016357,535,300,5.1,0.43499999999999994,14.79,7.25,27.575,0.0,0.0,default,1
0.2488346099853515,536,300,5.13,0.36,14.700000000000001,6.88,27.07,0.0,0.0,default,1
0.2515814304351806,537,300,5.085,0.495,14.805,7.7,28.084999999999997,0.0,0.0,default,1
0.2451875209808349,538,300,5.175000000000001,0.375,14.835,7.09,27.475,0.0,0.0,default,1
0.2423107624053955,539,300,5.445,0.405,15.765,7.14,28.755000000000003,0.0,0.0,default,1
0.2437388896942138,540,300,5.535,0.315,15.825000000000001,6.74,28.415,0.0,0.0,default,1
0.2491953372955322,541,300,5.115,0.39,14.774999999999999,6.89,27.169999999999998,0.0,0.0,default,1
0.2450501918792724,542,300,5.1,0.315,14.580000000000002,6.47,26.465,0.0,0.0,default,1
0.2486133575439453,543,300,5.115,0.39,14.745000000000001,6.86,27.11,0.0,0.0,default,1
0.2444682121276855,544,300,5.205,0.315,14.835,6.53,26.885,0.0,0.0,default,1
0.3994526863098144,545,300,6.84,14.774999999999999,42.06,19.13,82.80499999999999,0.0,0.0,default,3
0.0835514068603515,546,300,0.0,0.0,0.0,0.06,0.06,0.0,0.0,default,0
0.199826955795288,547,300,0.54,0.5249999999999999,1.4849999999999999,4.27,6.819999999999999,0.0,0.0,default,0
0.1750998497009277,548,300,0.54,0.54,1.4849999999999999,4.31,6.875,0.0,0.0,default,0
0.1752076148986816,549,300,0.54,0.5700000000000001,1.53,4.63,7.27,0.0,0.0,default,0
0.1880509853363037,550,300,0.54,0.63,1.56,5.16,7.890000000000001,0.0,0.0,default,0
0.1897833347320556,551,300,0.54,0.54,1.5150000000000001,4.47,7.0649999999999995,0.0,0.0,default,0
0.1154558658599853,552,300,0.54,0.10500000000000001,1.155,1.16,2.96,0.0,0.0,default,0
0.2252342700958252,553,300,4.17,0.28500000000000003,11.55,5.36,21.365000000000002,0.0,0.0,default,4
0.2161707878112793,554,300,4.545,0.195,12.48,5.25,22.47,0.0,0.0,default,4
0.2069275379180908,555,300,4.365,0.18,11.97,4.87,21.385,0.0,0.0,default,4
0.1526546478271484,556,300,2.7750000000000004,0.165,8.22,3.3,14.46,0.0,0.0,default,4
0.2200980186462402,557,300,4.9350000000000005,0.33,13.86,6.26,25.384999999999998,0.0,0.0,default,1
0.2341446876525879,558,300,5.265,0.28500000000000003,14.715,6.41,26.675,0.0,0.0,default,1
0.2118947505950927,559,300,4.9350000000000005,0.22499999999999998,13.77,5.52,24.45,0.0,0.0,default,1
0.1508135795593261,560,300,3.7350000000000003,0.165,10.935,3.76,18.595,0.0,0.0,default,4
0.1609008312225341,561,300,3.4050000000000002,0.195,9.93,3.86,17.39,0.0,0.0,default,4
0.1844832897186279,562,300,3.9749999999999996,0.195,10.98,4.5,19.65,0.0,0.0,default,4
0.5036087036132812,563,300,3.99,0.18,10.995000000000001,4.38,19.545,0.0,0.0,default,4
0.2516937255859375,564,300,5.61,0.39,16.065,7.63,29.695,0.0,0.0,default,1
0.2288286685943603,565,300,5.01,0.34500000000000003,14.145,6.62,26.12,0.0,0.0,default,1
0.1551196575164795,566,300,3.12,0.18,9.225000000000001,3.45,15.975000000000001,0.0,0.0,default,4
0.1742796897888183,567,300,3.4050000000000002,0.21000000000000002,9.48,4.02,17.115000000000002,0.0,0.0,default,4
0.1672887802124023,568,300,3.3449999999999998,0.21000000000000002,9.33,4.0,16.884999999999998,0.0,0.0,default,4
0.1927394866943359,569,300,4.08,0.27,11.31,4.95,20.61,0.0,0.0,default,4
0.1911702156066894,570,300,4.095,0.255,11.355,4.9,20.605,0.0,0.0,default,4
0.1900219917297363,571,300,4.199999999999999,0.195,11.595,4.68,20.67,0.0,0.0,default,4
0.1885573863983154,572,300,4.2299999999999995,0.195,11.655,4.65,20.729999999999997,0.0,0.0,default,4
0.2331831455230713,573,300,4.17,0.30000000000000004,11.64,5.53,21.64,0.0,0.0,default,4
0.2407624721527099,574,300,4.14,0.30000000000000004,11.49,5.62,21.55,0.0,0.0,default,4
0.2242729663848877,575,300,4.335,0.30000000000000004,12.105,5.82,22.560000000000002,0.0,0.0,default,4
0.2241108417510986,576,300,4.32,0.33,12.149999999999999,6.01,22.809999999999995,0.0,0.0,default,4
0.2546296119689941,577,300,5.085,0.43499999999999994,14.549999999999999,7.42,27.490000000000002,0.0,0.0,default,1
0.2487812042236328,578,300,5.085,0.405,14.549999999999999,7.26,27.299999999999997,0.0,0.0,default,1
0.1748452186584472,579,300,3.615,0.165,10.095,3.92,17.795,0.0,0.0,default,4
0.2439906597137451,580,300,5.175000000000001,0.375,14.774999999999999,7.1,27.424999999999997,0.0,0.0,default,1
0.1517302989959716,581,300,2.625,0.24,7.709999999999999,3.55,14.125,0.0,0.0,default,4
0.239617109298706,582,300,5.25,0.39,14.879999999999999,6.92,27.439999999999998,0.0,0.0,default,1
0.3782758712768554,583,300,12.495000000000001,24.435,61.38,11.96,110.27000000000001,0.0,0.0,default,2
0.0838606357574462,584,300,0.0,0.0,0.0,0.06,0.06,0.0,0.0,default,0
0.2155900001525879,585,300,0.75,0.5700000000000001,1.83,4.76,7.91,0.0,0.0,default,0
0.1801252365112304,586,300,0.54,0.585,1.5150000000000001,4.68,7.32,0.0,0.0,default,0
0.1734998226165771,587,300,0.75,0.51,1.7999999999999998,4.36,7.42,0.0,0.0,default,0
0.128021240234375,588,300,0.54,0.18,1.215,1.76,3.6950000000000003,0.0,0.0,default,0
0.2422447204589843,589,300,3.945,0.315,11.16,5.65,21.07,0.0,0.0,default,4
0.1619791984558105,590,300,2.31,0.24,6.39,3.52,12.459999999999999,0.0,0.0,default,0
0.1883010864257812,591,300,2.91,0.315,7.8149999999999995,4.57,15.61,0.0,0.0,default,4
0.2072653770446777,592,300,3.705,0.39,11.295,5.97,21.36,0.0,0.0,default,4
0.217071533203125,593,300,3.81,0.42000000000000004,10.845,6.2,21.275000000000002,0.0,0.0,default,4
0.213979959487915,594,300,3.51,0.495,10.305,6.39,20.7,0.0,0.0,default,4
0.2271208763122558,595,300,3.9000000000000004,0.42000000000000004,10.56,6.49,21.37,0.0,0.0,default,4
0.1980962753295898,596,300,3.54,0.30000000000000004,10.26,5.29,19.39,0.0,0.0,default,4
0.1614034175872802,597,300,2.445,0.24,6.51,3.54,12.735,0.0,0.0,default,0
0.2221500873565673,598,300,4.5600000000000005,0.48,12.93,6.99,24.96,0.0,0.0,default,1
0.225123643875122,599,300,4.83,0.44999999999999996,13.395,7.01,25.685000000000002,0.0,0.0,default,1
0.2241232395172119,600,300,3.5999999999999996,0.44999999999999996,9.99,6.39,20.43,0.0,0.0,default,4
0.2320156097412109,601,300,3.9749999999999996,0.495,11.07,6.89,22.43,0.0,0.0,default,4
0.1609892845153808,602,300,2.73,0.27,8.235,4.03,15.265,0.0,0.0,default,4
0.172764778137207,603,300,2.745,0.255,7.2749999999999995,3.87,14.145,0.0,0.0,default,4
0.2659015655517578,604,300,3.8549999999999995,0.44999999999999996,11.01,6.77,22.085,0.0,0.0,default,4
0.233292818069458,605,300,4.74,0.405,13.169999999999998,6.85,25.165,0.0,0.0,default,1
0.2315852642059326,606,300,4.53,0.405,12.975000000000001,6.85,24.760000000000005,0.0,0.0,default,1
0.2272512912750244,607,300,4.785,0.36,13.29,6.49,24.924999999999997,0.0,0.0,default,1
0.2264413833618164,608,300,4.5,0.39,12.825000000000001,6.51,24.225,0.0,0.0,default,1
0.1897084712982177,609,300,2.91,0.315,8.145,4.23,15.6,0.0,0.0,default,4
0.2243309020996093,610,300,3.87,0.34500000000000003,10.875,5.79,20.88,0.0,0.0,default,4
0.2030344009399414,611,300,3.3000000000000003,0.36,9.120000000000001,5.27,18.05,0.0,0.0,default,4
0.1488285064697265,612,300,2.565,0.21000000000000002,7.83,3.37,13.975000000000001,0.0,0.0,default,4
0.1506857872009277,613,300,2.565,0.195,7.095000000000001,3.26,13.115,0.0,0.0,default,4
0.1934385299682617,614,300,2.565,0.255,7.050000000000001,3.75,13.620000000000001,0.0,0.0,default,4
0.2092187404632568,615,300,4.905,0.39,13.665,6.27,25.23,0.0,0.0,default,1
0.195796251296997,616,300,4.38,0.43499999999999994,12.48,6.13,23.425,0.0,0.0,default,4
0.2337327003479004,617,300,4.26,0.28500000000000003,11.655,5.56,21.759999999999998,0.0,0.0,default,4
0.2161457538604736,618,300,4.095,0.34500000000000003,11.49,6.05,21.98,0.0,0.0,default,4
0.2172982692718505,619,300,4.3950000000000005,0.315,12.015,5.98,22.705000000000002,0.0,0.0,default,4
0.0838475227355957,620,300,0.0,0.0,0.0,0.06,0.06,0.0,0.0,default,0
0.7710604667663574,621,300,21.18,5.7299999999999995,42.599999999999994,14.83,84.33999999999999,0.0,0.0,default,3
0.0845704078674316,622,300,0.0,0.0,0.0,0.06,0.06,0.0,0.0,default,0
0.2041454315185547,623,300,0.44999999999999996,0.5249999999999999,1.335,4.26,6.569999999999999,0.0,0.0,default,0
0.179734468460083,624,300,0.54,0.43499999999999994,1.41,3.59,5.975,0.0,0.0,default,0
0.1859352588653564,625,300,0.44999999999999996,0.645,1.4249999999999998,5.17,7.6899999999999995,0.0,0.0,default,0
0.1950061321258545,626,300,0.54,0.645,1.5750000000000002,5.28,8.040000000000001,0.0,0.0,default,0
0.1677765846252441,627,300,0.44999999999999996,0.5249999999999999,1.35,4.19,6.515000000000001,0.0,0.0,default,0
0.1760275363922119,628,300,0.54,0.5700000000000001,1.5150000000000001,4.67,7.295,0.0,0.0,default,0
0.2263185977935791,629,300,3.795,0.30000000000000004,10.545,5.42,20.060000000000002,0.0,0.0,default,4
0.1730382442474365,630,300,3.21,0.21000000000000002,8.834999999999999,3.95,16.205,0.0,0.0,default,4
0.225149393081665,631,300,3.7649999999999997,0.42000000000000004,10.59,6.34,21.115,0.0,0.0,default,4
0.186373233795166,632,300,3.18,0.28500000000000003,8.805,4.74,17.009999999999998,0.0,0.0,default,4
0.2208397388458252,633,300,6.449999999999999,0.34500000000000003,18.495,7.3,32.589999999999996,0.0,0.0,default,1
0.218390941619873,634,300,6.540000000000001,0.30000000000000004,18.615000000000002,7.08,32.535000000000004,0.0,0.0,default,1
0.2161996364593505,635,300,6.495,0.30000000000000004,18.585,6.99,32.370000000000005,0.0,0.0,default,1
0.217177152633667,636,300,6.63,0.28500000000000003,18.84,7.01,32.765,0.0,0.0,default,1
0.2161788940429687,637,300,6.465,0.30000000000000004,18.525,6.97,32.26,0.0,0.0,default,1
0.2167575359344482,638,300,6.584999999999999,0.30000000000000004,18.75,7.02,32.655,0.0,0.0,default,1
0.2151238918304443,639,300,6.495,0.28500000000000003,18.6,6.94,32.32,0.0,0.0,default,1
0.2169342041015625,640,300,6.555,0.30000000000000004,18.645,7.05,32.55,0.0,0.0,default,1
0.216691255569458,641,300,6.449999999999999,0.30000000000000004,18.465,7.01,32.225,0.0,0.0,default,1
0.1649942398071289,642,300,2.9699999999999998,0.195,8.16,3.75,15.075,0.0,0.0,default,4
0.1537415981292724,643,300,2.7750000000000004,0.15000000000000002,7.68,3.19,13.795,0.0,0.0,default,4
0.1547117233276367,644,300,2.8649999999999998,0.165,7.8149999999999995,3.29,14.134999999999998,0.0,0.0,default,4
0.1529293060302734,645,300,2.7750000000000004,0.165,7.68,3.21,13.830000000000002,0.0,0.0,default,4
0.162656545639038,646,300,2.3850000000000002,0.18,6.915000000000001,3.04,12.52,0.0,0.0,default,0
0.1569421291351318,647,300,2.3850000000000002,0.22499999999999998,6.735,3.51,12.855,0.0,0.0,default,0
0.2387449741363525,648,300,2.4000000000000004,0.24,6.6899999999999995,3.56,12.89,0.0,0.0,default,0
0.228583812713623,649,300,3.945,0.375,11.040000000000001,6.29,21.650000000000002,0.0,0.0,default,4
0.2231557369232177,650,300,4.11,0.28500000000000003,11.34,5.88,21.615,0.0,0.0,default,4
0.2286348342895507,651,300,4.005,0.28500000000000003,11.115,5.79,21.195,0.0,0.0,default,4
0.1458606719970703,652,300,2.31,0.15000000000000002,6.39,2.86,11.709999999999999,0.0,0.0,default,0
0.2188708782196045,653,300,3.885,0.315,10.83,5.7,20.73,0.0,0.0,default,4
0.1540250778198242,654,300,2.43,0.135,6.675000000000001,2.94,12.180000000000001,0.0,0.0,default,0
0.1677911281585693,655,300,2.8499999999999996,0.315,8.565,4.39,16.119999999999997,0.0,0.0,default,4
0.1529030799865722,656,300,2.9699999999999998,0.21000000000000002,9.03,3.68,15.889999999999999,0.0,0.0,default,4
0.2588293552398681,657,300,6.779999999999999,0.5549999999999999,19.695,8.63,35.660000000000004,0.0,0.0,default,1
0.2341618537902832,658,300,5.175000000000001,0.46499999999999997,14.865,7.34,27.845000000000002,0.0,0.0,default,1
0.2213966846466064,659,300,5.699999999999999,0.30000000000000004,16.35,6.66,29.01,0.0,0.0,default,1
0.2362408638000488,660,300,5.265,0.46499999999999997,15.135,7.46,28.325,0.0,0.0,default,1
0.2542810440063476,661,300,6.645,0.43499999999999994,19.29,8.4,34.769999999999996,0.0,0.0,default,1
0.2496216297149658,662,300,5.295,0.54,15.27,8.02,29.125,0.0,0.0,default,1
0.2573497295379638,663,300,7.005,0.43499999999999994,20.37,8.65,36.46,0.0,0.0,default,1
0.2212495803833007,664,300,5.3549999999999995,0.43499999999999994,15.330000000000002,7.13,28.25,0.0,0.0,default,1
0.2529518604278564,665,300,6.6000000000000005,0.44999999999999996,19.125,8.45,34.625,0.0,0.0,default,1
0.2628865242004394,666,300,5.88,0.585,17.1,8.89,32.455,0.0,0.0,default,1
0.2541558742523193,667,300,6.6899999999999995,0.44999999999999996,19.424999999999997,8.52,35.084999999999994,0.0,0.0,default,1
0.2409203052520752,668,300,5.925000000000001,0.495,17.055,8.09,31.565,0.0,0.0,default,1
0.2580416202545166,669,300,7.14,0.48,20.759999999999998,8.99,37.37,0.0,0.0,default,1
0.2622358798980713,670,300,6.465,0.495,18.735,8.56,34.255,0.0,0.0,default,1
0.2406930923461914,671,300,6.42,0.36,18.57,7.69,33.04,0.0,0.0,default,1
0.2319850921630859,672,300,5.985,0.34500000000000003,17.13,7.25,30.71,0.0,0.0,default,1
0.2393627166748047,673,300,6.105,0.48,17.669999999999998,7.75,32.004999999999995,0.0,0.0,default,1
0.2451534271240234,674,300,5.025,0.39,14.294999999999998,7.33,27.04,0.0,0.0,default,1
0.2372016906738281,675,300,5.295,0.405,15.21,7.5,28.41,0.0,0.0,default,1
0.2375781536102295,676,300,4.2299999999999995,0.375,11.73,6.58,22.915,0.0,0.0,default,4
0.1585440635681152,677,300,2.55,0.165,7.14,3.23,13.085,0.0,0.0,default,0
0.2522704601287842,678,300,5.16,0.375,14.415,7.13,27.08,0.0,0.0,default,1
0.1940886974334716,679,300,3.9749999999999996,0.255,11.235,5.11,20.575,0.0,0.0,default,4
0.0838844776153564,680,300,0.0,0.0,0.0,0.06,0.06,0.0,0.0,default,0
1.0878064632415771,681,300,54.03,2.895,52.185,29.9,139.01000000000002,0.0,0.0,default,2
0.0837814807891845,682,300,0.0,0.0,0.0,0.06,0.06,0.0,0.0,default,0
0.2100088596343994,683,300,0.6900000000000001,0.6000000000000001,1.755,4.98,8.025,0.0,0.0,default,0
0.1905028820037841,684,300,0.54,0.51,1.47,4.35,6.869999999999999,0.0,0.0,default,0
0.1321465969085693,685,300,0.6900000000000001,0.21000000000000002,1.47,2.03,4.4,0.0,0.0,default,0
0.255479097366333,686,300,4.35,0.48,12.48,6.95,24.26,0.0,0.0,default,1
0.2167105674743652,687,300,4.335,0.405,12.195,6.34,23.275000000000002,0.0,0.0,default,4
0.2313590049743652,688,300,4.695,0.43499999999999994,13.5,6.63,25.259999999999998,0.0,0.0,default,1
0.2078616619110107,689,300,4.905,0.30000000000000004,13.77,6.11,25.085,0.0,0.0,default,1
0.228724718093872,690,300,4.68,0.43499999999999994,13.5,6.71,25.325,0.0,0.0,default,1
0.2114293575286865,691,300,4.905,0.30000000000000004,13.754999999999999,6.12,25.080000000000002,0.0,0.0,default,1
0.2299468517303466,692,300,4.68,0.46499999999999997,13.5,6.82,25.465,0.0,0.0,default,1
0.2101838588714599,693,300,4.905,0.30000000000000004,13.74,6.11,25.055,0.0,0.0,default,1
0.2457175254821777,694,300,4.425000000000001,0.51,12.72,7.5,25.155,0.0,0.0,default,1
0.2427806854248047,695,300,4.59,0.495,12.96,7.52,25.565,0.0,0.0,default,1
0.242293119430542,696,300,4.4399999999999995,0.51,12.75,7.57,25.27,0.0,0.0,default,1
0.2244224548339843,697,300,4.65,0.375,12.99,6.44,24.455000000000002,0.0,0.0,default,1
0.2200710773468017,698,300,4.53,0.375,12.825000000000001,6.35,24.08,0.0,0.0,default,1
0.2231850624084472,699,300,4.68,0.39,13.049999999999999,6.55,24.669999999999998,0.0,0.0,default,1
0.2073068618774414,700,300,4.305,0.27,12.105,5.1,21.78,0.0,0.0,default,4
0.2011294364929199,701,300,3.6750000000000003,0.28500000000000003,10.26,4.69,18.91,0.0,0.0,default,4
0.1759731769561767,702,300,3.465,0.24,9.78,4.28,17.765,0.0,0.0,default,4
0.1740260124206543,703,300,3.615,0.22499999999999998,10.02,4.36,18.22,0.0,0.0,default,4
0.2010116577148437,704,300,3.33,0.27,9.225000000000001,4.56,17.385,0.0,0.0,default,4
0.2291567325592041,705,300,4.62,0.36,12.870000000000001,6.48,24.330000000000002,0.0,0.0,default,1
0.0836503505706787,706,300,0.0,0.0,0.0,0.06,0.06,0.0,0.0,default,0
0.4476454257965088,707,300,20.46,8.774999999999999,35.519999999999996,19.38,84.13499999999999,0.0,0.0,default,3
0.0835561752319336,708,300,0.0,0.0,0.0,0.06,0.06,0.0,0.0,default,0
0.2126023769378662,709,300,0.495,0.5700000000000001,1.44,4.94,7.445,0.0,0.0,default,0
0.1328473091125488,710,300,0.54,0.22499999999999998,1.2449999999999999,2.03,4.039999999999999,0.0,0.0,default,0
0.241981029510498,711,300,4.26,0.405,12.075000000000001,6.41,23.150000000000002,0.0,0.0,default,4
0.1697673797607422,712,300,3.63,0.255,10.215,4.42,18.52,0.0,0.0,default,4
0.1693332195281982,713,300,3.585,0.255,10.125,4.43,18.395,0.0,0.0,default,4
0.1963782310485839,714,300,3.495,0.33,10.065,5.21,19.1,0.0,0.0,default,4
0.1901764869689941,715,300,3.465,0.33,9.975000000000001,5.25,19.020000000000003,0.0,0.0,default,4
0.2181673049926757,716,300,3.4050000000000002,0.30000000000000004,9.435,5.01,18.15,0.0,0.0,default,4
0.2004272937774658,717,300,3.555,0.24,10.125,4.91,18.83,0.0,0.0,default,4
0.1987357139587402,718,300,3.3899999999999997,0.28500000000000003,9.375,4.88,17.93,0.0,0.0,default,4
0.1958978176116943,719,300,3.57,0.24,10.11,4.85,18.769999999999996,0.0,0.0,default,4
0.247964859008789,720,300,4.1850000000000005,0.48,11.925,7.15,23.740000000000002,0.0,0.0,default,1
0.2387299537658691,721,300,4.1850000000000005,0.48,11.97,7.13,23.765,0.0,0.0,default,1
0.1949129104614257,722,300,3.9000000000000004,0.27,11.205,5.1,20.475,0.0,0.0,default,4
0.190556526184082,723,300,3.75,0.255,10.86,4.94,19.805,0.0,0.0,default,4
0.1932687759399414,724,300,3.7800000000000002,0.27,10.905,5.03,19.985,0.0,0.0,default,4
0.1987695693969726,725,300,3.81,0.30000000000000004,11.084999999999999,5.45,20.645,0.0,0.0,default,4
0.2003839015960693,726,300,3.87,0.33,11.19,5.62,21.01,0.0,0.0,default,4
0.2024452686309814,727,300,3.93,0.315,11.399999999999999,5.64,21.285,0.0,0.0,default,4
0.1948020458221435,728,300,3.885,0.28500000000000003,11.22,5.26,20.65,0.0,0.0,default,4
0.1969835758209228,729,300,3.93,0.28500000000000003,11.370000000000001,5.32,20.905,0.0,0.0,default,4
0.1950066089630127,730,300,3.885,0.28500000000000003,11.19,5.32,20.68,0.0,0.0,default,4
0.2039680480957031,731,300,4.005,0.33,11.58,5.7,21.615,0.0,0.0,default,4
0.5038185119628906,732,300,3.87,0.315,11.16,5.51,20.855,0.0,0.0,default,4
0.1966819763183593,733,300,3.7800000000000002,0.28500000000000003,10.965,5.22,20.25,0.0,0.0,default,4
0.2018661499023437,734,300,4.005,0.30000000000000004,11.504999999999999,5.39,21.2,0.0,0.0,default,4
0.2089402675628662,735,300,3.9000000000000004,0.34500000000000003,11.355,5.8,21.400000000000002,0.0,0.0,default,4
0.2074642181396484,736,300,4.0649999999999995,0.315,11.7,5.69,21.77,0.0,0.0,default,4
0.2001490592956543,737,300,3.8549999999999995,0.315,11.175,5.45,20.795,0.0,0.0,default,4
0.1974389553070068,738,300,3.915,0.27,11.265,5.17,20.62,0.0,0.0,default,4
0.1959919929504394,739,300,3.8249999999999997,0.30000000000000004,11.07,5.22,20.415,0.0,0.0,default,4
0.1979999542236328,740,300,3.9000000000000004,0.27,11.19,5.13,20.49,0.0,0.0,default,4
0.2010600566864013,741,300,3.945,0.28500000000000003,11.385,5.31,20.924999999999997,0.0,0.0,default,4
0.2021417617797851,742,300,3.9749999999999996,0.30000000000000004,11.445,5.49,21.21,0.0,0.0,default,4
0.207700490951538,743,300,3.84,0.30000000000000004,11.16,5.38,20.68,0.0,0.0,default,4
0.1988868713378906,744,300,3.7649999999999997,0.315,10.92,5.46,20.46,0.0,0.0,default,4
0.1961405277252197,745,300,3.7649999999999997,0.255,10.875,4.88,19.775,0.0,0.0,default,4
0.2746167182922363,746,300,3.87,0.51,11.129999999999999,6.93,22.439999999999998,0.0,0.0,default,4
0.2426755428314209,747,300,3.9000000000000004,0.495,11.235,6.9,22.53,0.0,0.0,default,4
0.2293746471405029,748,300,3.7800000000000002,0.39,10.74,6.19,21.1,0.0,0.0,default,4
0.2302391529083252,749,300,3.93,0.375,11.31,6.27,21.884999999999998,0.0,0.0,default,4
0.2199931144714355,750,300,4.635,0.28500000000000003,12.855,5.83,23.604999999999997,0.0,0.0,default,1
0.2859780788421631,751,300,6.795,0.42000000000000004,19.47,8.12,34.805,0.0,0.0,default,1
0.3072478771209717,752,300,7.0649999999999995,0.51,20.355,9.05,36.980000000000004,0.0,0.0,default,1
0.2422006130218505,753,300,5.775,0.27,16.23,6.27,28.544999999999998,0.0,0.0,default,1
0.1797719001770019,754,300,3.435,0.24,9.959999999999999,4.45,18.084999999999997,0.0,0.0,default,4
0.2137122154235839,755,300,4.17,0.28500000000000003,12.0,5.56,22.014999999999997,0.0,0.0,default,4
0.1848838329315185,756,300,3.555,0.24,10.274999999999999,4.6,18.669999999999998,0.0,0.0,default,4
0.2019784450531005,757,300,3.81,0.315,11.084999999999999,5.44,20.65,0.0,0.0,default,4
0.1953692436218261,758,300,3.87,0.255,11.129999999999999,5.06,20.314999999999998,0.0,0.0,default,4
0.1936783790588379,759,300,3.7350000000000003,0.27,10.845,5.05,19.900000000000002,0.0,0.0,default,4
0.193683385848999,760,300,3.87,0.24,11.129999999999999,4.97,20.209999999999997,0.0,0.0,default,4
0.1924786567687988,761,300,3.7199999999999998,0.27,10.8,4.99,19.78,0.0,0.0,default,4
0.1658618450164795,762,300,2.925,0.24,8.34,4.0,15.504999999999999,0.0,0.0,default,4
0.1994884014129638,763,300,3.8549999999999995,0.315,11.205,5.38,20.755,0.0,0.0,default,4
0.2001729011535644,764,300,3.9000000000000004,0.315,11.265,5.43,20.91,0.0,0.0,default,4
0.2009065151214599,765,300,3.84,0.30000000000000004,11.16,5.41,20.71,0.0,0.0,default,4
0.199232816696167,766,300,3.885,0.30000000000000004,11.22,5.44,20.845000000000002,0.0,0.0,default,4
0.1800928115844726,767,300,3.3600000000000003,0.27,9.870000000000001,4.69,18.19,0.0,0.0,default,4
0.2044827938079834,768,300,3.885,0.30000000000000004,11.22,5.43,20.835,0.0,0.0,default,4
0.1796371936798095,769,300,3.4050000000000002,0.24,9.93,4.48,18.055,0.0,0.0,default,4
0.183279275894165,770,300,3.5250000000000004,0.255,10.245000000000001,4.7,18.725,0.0,0.0,default,4
0.1804823875427246,771,300,3.495,0.255,10.185,4.61,18.545,0.0,0.0,default,4
0.1985189914703369,772,300,3.915,0.27,11.25,5.11,20.545,0.0,0.0,default,4
0.2021713256835937,773,300,3.84,0.315,11.16,5.52,20.835,0.0,0.0,default,4
0.1992304325103759,774,300,3.7800000000000002,0.30000000000000004,10.965,5.37,20.415,0.0,0.0,default,4
0.2026424407958984,775,300,3.96,0.28500000000000003,11.445,5.37,21.060000000000002,0.0,0.0,default,4
0.0835473537445068,776,300,0.0,0.0,0.0,0.06,0.06,0.0,0.0,default,0
0.635953426361084,777,300,27.075000000000003,1.8599999999999999,48.224999999999994,21.36,98.52,0.0,0.0,default,3
0.083653450012207,778,300,0.0,0.0,0.0,0.06,0.06,0.0,0.0,default,0
0.2182033061981201,779,300,0.51,0.675,1.56,5.47,8.215,0.0,0.0,default,0
0.1986212730407714,780,300,0.54,0.675,1.59,5.39,8.195,0.0,0.0,default,0
0.1901760101318359,781,300,0.51,0.6900000000000001,1.5750000000000002,5.54,8.315000000000001,0.0,0.0,default,0
0.1802310943603515,782,300,0.54,0.63,1.56,5.1,7.83,0.0,0.0,default,0
0.178572416305542,783,300,0.51,0.615,1.5150000000000001,4.95,7.59,0.0,0.0,default,0
0.1834828853607177,784,300,0.54,0.645,1.5750000000000002,5.23,7.99,0.0,0.0,default,0
0.1717317104339599,785,300,0.51,0.5700000000000001,1.4849999999999999,4.58,7.145,0.0,0.0,default,0
0.1758434772491455,786,300,0.54,0.585,1.53,4.81,7.465,0.0,0.0,default,0
0.1731464862823486,787,300,0.51,0.6000000000000001,1.5,4.75,7.36,0.0,0.0,default,0
0.1912188529968261,788,300,0.54,0.645,1.5750000000000002,5.22,7.98,0.0,0.0,default,0
0.1134727001190185,789,300,0.51,0.10500000000000001,1.1400000000000001,1.18,2.935,0.0,0.0,default,0
0.2391519546508789,790,300,3.7199999999999998,0.405,10.44,6.22,20.785,0.0,0.0,default,4
0.2412958145141601,791,300,4.47,0.34500000000000003,12.405,6.74,23.96,0.0,0.0,default,1
0.2373807430267334,792,300,4.65,0.375,13.89,7.05,25.965,0.0,0.0,default,1
0.226663589477539,793,300,3.84,0.405,10.68,6.44,21.365000000000002,0.0,0.0,default,4
0.2269036769866943,794,300,4.08,0.315,11.25,6.15,21.795,0.0,0.0,default,4
0.2418768405914306,795,300,4.68,0.375,13.934999999999999,7.1,26.089999999999996,0.0,0.0,default,1
0.2220182418823242,796,300,3.945,0.34500000000000003,10.86,6.0,21.15,0.0,0.0,default,4
0.2266926765441894,797,300,4.17,0.27,11.43,5.85,21.72,0.0,0.0,default,4
0.226511001586914,798,300,4.68,0.30000000000000004,13.89,6.43,25.3,0.0,0.0,default,1
0.2196600437164306,799,300,3.7649999999999997,0.36,10.41,5.99,20.525,0.0,0.0,default,4
0.2186107635498047,800,300,3.9000000000000004,0.255,10.635,5.56,20.349999999999998,0.0,0.0,default,4
0.2068004608154297,801,300,4.095,0.255,12.195,5.55,22.095000000000002,0.0,0.0,default,4
0.2588675022125244,802,300,3.96,0.39,11.25,6.67,22.27,0.0,0.0,default,4
0.2328588962554931,803,300,3.84,0.405,10.92,6.69,21.855,0.0,0.0,default,4
0.220571756362915,804,300,3.885,0.34500000000000003,10.935,6.06,21.224999999999998,0.0,0.0,default,4
0.2162079811096191,805,300,3.8249999999999997,0.34500000000000003,10.83,5.91,20.91,0.0,0.0,default,4
0.1861224174499511,806,300,2.985,0.28500000000000003,8.235,4.51,16.015,0.0,0.0,default,4
0.1478631496429443,807,300,2.16,0.255,6.045,3.35,11.81,0.0,0.0,default,0
0.1409592628479004,808,300,2.07,0.24,5.775,3.11,11.195,0.0,0.0,default,0
0.2338347434997558,809,300,3.375,0.42000000000000004,9.375,5.93,19.1,0.0,0.0,default,4
0.2071993350982666,810,300,3.3899999999999997,0.36,9.345,5.63,18.725,0.0,0.0,default,4
0.2000668048858642,811,300,3.4050000000000002,0.30000000000000004,9.315,5.03,18.05,0.0,0.0,default,4
0.1943979263305664,812,300,3.3899999999999997,0.30000000000000004,9.254999999999999,4.91,17.854999999999997,0.0,0.0,default,4
0.2145490646362304,813,300,3.315,0.405,9.195,5.9,18.814999999999998,0.0,0.0,default,4
0.2489166259765625,814,300,3.3449999999999998,0.405,9.254999999999999,5.93,18.935,0.0,0.0,default,4
0.1944901943206787,815,300,3.3600000000000003,0.30000000000000004,9.195,4.95,17.805,0.0,0.0,default,4
0.200812816619873,816,300,3.1500000000000004,0.30000000000000004,8.715,4.69,16.855,0.0,0.0,default,4
0.2439470291137695,817,300,3.1500000000000004,0.18,8.625,3.99,15.945,0.0,0.0,default,4
0.1803574562072754,818,300,3.06,0.18,8.355,3.84,15.435,0.0,0.0,default,4
0.2027502059936523,819,300,2.8499999999999996,0.28500000000000003,7.89,4.69,15.715,0.0,0.0,default,4
0.1904752254486084,820,300,3.1500000000000004,0.27,8.67,4.54,16.63,0.0,0.0,default,4
0.1821677684783935,821,300,3.1500000000000004,0.18,8.625,4.03,15.985,0.0,0.0,default,4
0.1761014461517334,822,300,3.06,0.18,8.355,3.89,15.485000000000001,0.0,0.0,default,4
0.1893210411071777,823,300,2.8649999999999998,0.27,7.904999999999999,4.54,15.579999999999998,0.0,0.0,default,4
0.1880996227264404,824,300,3.1500000000000004,0.28500000000000003,8.67,4.62,16.725,0.0,0.0,default,4
0.1826326847076416,825,300,3.1500000000000004,0.195,8.64,4.08,16.065,0.0,0.0,default,4
0.1761329174041748,826,300,3.045,0.18,8.34,3.93,15.495,0.0,0.0,default,4
0.187558889389038,827,300,2.8649999999999998,0.255,7.92,4.44,15.48,0.0,0.0,default,4
0.2304604053497314,828,300,6.885,0.34500000000000003,19.799999999999997,7.58,34.61,0.0,0.0,default,1
0.2268867492675781,829,300,6.75,0.315,19.455000000000002,7.45,33.970000000000006,0.0,0.0,default,1
0.2190070152282714,830,300,4.3950000000000005,0.33,12.51,6.02,23.255,0.0,0.0,default,4
0.2135696411132812,831,300,4.38,0.315,12.465,5.91,23.07,0.0,0.0,default,4
0.1587488651275634,832,300,3.09,0.22499999999999998,8.925,3.9,16.14,0.0,0.0,default,4
0.2050464153289795,833,300,2.805,0.30000000000000004,7.8149999999999995,4.32,15.24,0.0,0.0,default,4
0.2519469261169433,834,300,6.135,0.495,17.715,8.34,32.685,0.0,0.0,default,1
0.1945891380310058,835,300,3.4799999999999995,0.28500000000000003,9.584999999999999,4.98,18.33,0.0,0.0,default,4
0.1868667602539062,836,300,3.33,0.30000000000000004,9.195,4.89,17.715,0.0,0.0,default,4
0.1813216209411621,837,300,3.3899999999999997,0.27,9.345,4.66,17.665,0.0,0.0,default,4
0.1880836486816406,838,300,3.585,0.28500000000000003,9.885,4.95,18.705,0.0,0.0,default,4
0.187117338180542,839,300,3.2700000000000005,0.28500000000000003,9.06,4.76,17.375,0.0,0.0,default,4
0.1869440078735351,840,300,3.315,0.30000000000000004,9.135,4.88,17.63,0.0,0.0,default,4
0.1856908798217773,841,300,3.18,0.30000000000000004,8.774999999999999,4.8,17.055,0.0,0.0,default,4
0.1871345043182373,842,300,3.375,0.315,9.33,4.98,18.0,0.0,0.0,default,4
0.187544584274292,843,300,3.3600000000000003,0.30000000000000004,9.315,4.9,17.875,0.0,0.0,default,4
0.186352252960205,844,300,3.33,0.315,9.209999999999999,4.94,17.794999999999998,0.0,0.0,default,4
0.2282931804656982,845,300,2.925,0.43499999999999994,8.205,5.35,16.915,0.0,0.0,default,4
0.1905825138092041,846,300,3.165,0.36,8.790000000000001,5.03,17.345000000000002,0.0,0.0,default,4
0.1913738250732422,847,300,3.1500000000000004,0.34500000000000003,8.790000000000001,4.85,17.135,0.0,0.0,default,4
0.1859710216522216,848,300,3.135,0.34500000000000003,8.7,4.82,17.0,0.0,0.0,default,4
0.191180944442749,849,300,3.21,0.405,8.985,5.27,17.869999999999997,0.0,0.0,default,4
0.1508991718292236,850,300,2.295,0.195,6.5249999999999995,3.09,12.104999999999999,0.0,0.0,default,0
0.1469817161560058,851,300,2.265,0.195,6.449999999999999,3.09,12.0,0.0,0.0,default,0
0.143014907836914,852,300,2.16,0.18,5.985,2.89,11.215000000000002,0.0,0.0,default,0
2.1769838333129883,853,300,54.300000000000004,6.93,51.21,24.04,136.48,0.0,0.0,default,2
0.0838222503662109,854,300,0.0,0.0,0.0,0.06,0.06,0.0,0.0,default,0
0.2131967544555664,855,300,0.5249999999999999,0.66,1.56,5.34,8.085,0.0,0.0,default,0
0.2551980018615722,856,300,3.945,0.315,10.815,5.72,20.794999999999998,0.0,0.0,default,4
0.2289962768554687,857,300,3.8549999999999995,0.34500000000000003,10.620000000000001,5.98,20.8,0.0,0.0,default,4
0.2185258865356445,858,300,3.945,0.315,10.815,5.67,20.744999999999997,0.0,0.0,default,4
0.2152075767517089,859,300,4.005,0.28500000000000003,11.084999999999999,5.33,20.705,0.0,0.0,default,4
0.2239480018615722,860,300,4.9350000000000005,0.30000000000000004,13.695,6.16,25.09,0.0,0.0,default,1
0.2366089820861816,861,300,4.845,0.34500000000000003,13.515,6.47,25.174999999999997,0.0,0.0,default,1
0.2224233150482177,862,300,3.99,0.30000000000000004,10.92,5.46,20.67,0.0,0.0,default,4
0.2294490337371826,863,300,3.885,0.36,10.68,5.86,20.785,0.0,0.0,default,4
0.2179601192474365,864,300,3.375,0.39,9.345,5.7,18.810000000000002,0.0,0.0,default,4
0.2270112037658691,865,300,3.5250000000000004,0.39,9.81,6.12,19.845000000000002,0.0,0.0,default,4
0.2358670234680175,866,300,4.1850000000000005,0.315,11.459999999999999,6.07,22.03,0.0,0.0,default,4
0.2366113662719726,867,300,4.1850000000000005,0.24,11.415000000000001,5.49,21.330000000000002,0.0,0.0,default,4
0.1766314506530761,868,300,2.67,0.24,7.3500000000000005,4.05,14.310000000000002,0.0,0.0,default,4
0.1987614631652832,869,300,0.46499999999999997,0.5700000000000001,1.41,4.59,7.035,0.0,0.0,default,0
0.1883924007415771,870,300,0.54,0.645,1.5750000000000002,5.17,7.93,0.0,0.0,default,0
0.1710381507873535,871,300,0.46499999999999997,0.585,1.4249999999999998,4.66,7.135,0.0,0.0,default,0
0.1727082729339599,872,300,0.54,0.63,1.56,4.98,7.710000000000001,0.0,0.0,default,0
0.1148791313171386,873,300,0.46499999999999997,0.12,1.08,1.26,2.925,0.0,0.0,default,0
0.0833938121795654,874,300,0.0,0.0,0.0,0.06,0.06,0.0,0.0,default,0
0.1865098476409912,875,300,1.545,0.43499999999999994,2.955,4.08,9.015,0.0,0.0,default,0
0.1731433868408203,876,300,1.545,0.39,2.925,3.81,8.67,0.0,0.0,default,0
0.0832934379577636,877,300,0.0,0.0,0.0,0.06,0.06,0.0,0.0,default,0
1.4957983493804932,878,300,90.55499999999999,0.495,74.985,46.77,212.805,0.0,0.0,default,5
0.2860722541809082,879,300,0.0,0.0,0.0,11.44,11.44,0.0,0.0,default,0
0.1890788078308105,880,300,0.0,0.0,0.0,5.72,5.72,0.0,0.0,default,0
0.348010778427124,881,300,1.4849999999999999,15.51,17.475,11.49,45.96,0.0,0.0,default,1
0.1023294925689697,882,300,1.185,1.77,2.715,1.33,7.0,0.0,0.0,default,0
0.426746129989624,883,300,3.5250000000000004,40.05,45.345,11.86,100.77999999999999,0.0,0.0,default,3
0.1015286445617675,884,300,5.34,5.955,8.459999999999999,5.63,25.384999999999998,0.0,0.0,default,1
